MaxAbsEStateIndex,FpDensityMorgan1,BCUT2D_MWLOW,BCUT2D_CHGLO,AvgIpc,Kappa2,PEOE_VSA10,PEOE_VSA11,PEOE_VSA13,PEOE_VSA7,SMR_VSA10,SMR_VSA3,SMR_VSA7,SlogP_VSA10,SlogP_VSA2,SlogP_VSA3,SlogP_VSA5,SlogP_VSA8,EState_VSA6,NHOHCount,NumAliphaticHeterocycles,NumAromaticRings,MolLogP,fr_Al_COO,fr_Ar_COO,fr_COO,fr_C_O_noCOO,fr_NH1,fr_allylic_oxid,fr_aniline,fr_bicyclic,fr_ester,fr_ketone,fr_nitro,fr_para_hydroxylation
12.246748967722993,1.0740740740740742,10.047021193640752,-2.104099424476179,2.647368570699992,10.116759434980988,5.749511833283905,0.0,0.0,61.58822636408135,18.014630682737582,0.0,82.94643576652092,0.0,17.045137970744406,22.43071761399566,36.958650497398246,6.076020106833881,12.13273413692322,1,0,2,4.831300000000004,1,0,1,1,0,2,0,0,1,0,0,0
10.393818333692522,1.3529411764705883,10.051243776141234,-2.031842534691348,2.255564998942856,5.89278001378633,5.749511833283905,0.0,0.0,49.60395324945835,12.045325394785731,0.0,47.05114893251585,0.0,16.182360077633263,11.21535880699783,24.974377382775238,6.076020106833881,18.19910120538483,2,0,1,2.9987000000000013,1,0,1,0,0,2,0,0,0,0,0,0
12.357860078834104,1.0740740740740742,10.031216897331383,-2.115214876776851,2.647368570699992,10.116759434980988,0.0,0.0,0.0,61.58822636408135,23.639891398820797,0.0,82.94643576652092,5.687386274683562,16.98301241214406,22.43071761399566,36.958650497398246,6.076020106833881,12.142387175295491,2,0,2,4.864400000000004,1,0,1,1,1,2,1,0,0,0,0,0
12.303763752414547,1.0740740740740742,10.05414700403139,-2.1049696922376286,2.643594524849485,10.116759434980988,5.749511833283905,0.0,0.0,55.52185929561975,18.014630682737582,0.0,82.94643576652092,0.0,17.045137970744406,22.43071761399566,36.958650497398246,6.076020106833881,6.06636706846161,1,0,2,4.831300000000004,1,0,1,1,0,2,0,0,1,0,0,0
12.414874863525657,1.0740740740740742,10.036204709590196,-2.116359761445236,2.643594524849485,10.116759434980988,0.0,0.0,0.0,55.52185929561975,23.639891398820797,0.0,82.94643576652092,5.687386274683562,16.98301241214406,22.43071761399566,36.958650497398246,6.076020106833881,0.0,2,0,2,4.864400000000004,1,0,1,1,1,2,1,0,0,0,0,0
10.971967435122197,0.9375,10.146527448683473,-2.082442778109756,2.3061245648141315,4.486277072858324,0.0,0.0,0.0,24.26546827384644,17.344077837318974,0.0,60.160755107851486,11.374772549367124,11.075832682792555,0.0,10.357988675768818,0.0,24.26546827384644,2,0,2,3.128400000000001,0,1,1,0,1,0,2,0,0,0,0,2
10.777809586797682,0.9375,10.168472401704488,-2.059457056967807,2.3049761718275654,4.486277072858324,0.0,0.0,0.0,30.33183534230805,17.344077837318974,0.0,60.160755107851486,11.374772549367124,11.075832682792555,0.0,10.357988675768818,0.0,18.19910120538483,2,0,2,3.128400000000001,0,1,1,0,1,0,2,0,0,0,0,1
10.65013435738544,0.875,10.174599767326937,-2.0539335645209964,2.308854015216125,4.486277072858324,0.0,0.0,0.0,36.39820241076966,17.344077837318974,0.0,60.160755107851486,11.374772549367124,11.075832682792555,0.0,10.357988675768818,0.0,24.26546827384644,2,0,2,3.128400000000001,0,1,1,0,1,0,2,0,0,0,0,1
10.805018034915221,1.0588235294117647,10.168203761757193,-2.0651682529728665,2.3242118686378794,4.8884297520661155,0.0,0.0,0.0,42.46456947923127,28.945017727551487,0.0,59.1170213531312,11.374772549367124,11.075832682792555,0.0,10.357988675768818,0.0,36.39820241076966,2,0,2,3.7818000000000014,0,1,1,0,1,0,2,0,0,0,0,0
10.816266887073164,1.0588235294117647,10.168378314642085,-2.065770006943039,2.3242118686378794,5.013688895992475,0.0,0.0,0.0,42.46456947923127,33.27402173526832,0.0,58.567107555222286,11.374772549367124,11.075832682792555,0.0,10.357988675768818,0.0,18.19910120538483,2,0,2,3.890900000000002,0,1,1,0,1,0,2,0,0,0,0,0
10.932830247954707,1.0,9.869587059295796,-2.1897087647229645,2.38347085164274,5.371007618603829,0.0,0.0,0.0,41.310277303401826,17.344077837318974,0.0,59.65783953108687,11.374772549367124,11.075832682792555,5.41499046939678,36.692651766537686,0.0,18.19910120538483,2,0,2,4.425900000000003,0,1,1,0,1,0,2,0,0,0,0,0
10.844790762187948,1.1111111111111112,10.166855921593573,-2.0750050433954343,2.3974189103517194,5.226694549695174,5.749511833283905,0.0,0.0,42.46456947923127,17.344077837318974,0.0,54.09438803938988,11.374772549367124,18.18563022407009,0.0,10.357988675768818,0.0,25.30889874666236,2,0,2,3.1370000000000005,0,1,1,0,1,0,2,0,0,0,0,0
10.822465234180601,1.0588235294117647,10.157396225104591,-2.068226989995785,2.3242118686378794,4.699037479729979,0.0,0.0,0.0,37.255572541998674,17.344077837318974,0.0,59.65783953108687,11.374772549367124,11.075832682792555,0.0,15.921440167465814,0.0,18.19910120538483,2,0,2,3.436820000000001,0,1,1,0,1,0,2,0,0,0,0,0
11.124030086475974,1.0,10.064435684429114,-2.1044418564447103,2.5483113322617603,5.763838676353537,0.0,0.0,5.687386274683562,30.33183534230805,33.803912540932124,0.0,76.34144044507867,17.062158824050687,15.999143731610225,0.0,10.357988675768818,10.772448428929591,42.46456947923127,2,0,3,4.189800000000003,0,1,1,0,1,0,2,1,0,0,1,0
10.99018385557978,0.9,10.087424948214801,-2.09926538489569,2.4783535202472686,5.052938138047801,0.0,0.0,0.0,29.651692488311237,28.116526266248567,0.0,72.29348924477472,11.374772549367124,11.075832682792555,0.0,10.357988675768818,10.772448428929591,18.19910120538483,2,0,3,4.281600000000003,0,1,1,0,1,0,2,1,0,0,0,0
11.276252308698197,0.9230769230769231,10.043162644510117,-2.1075163370832684,2.60908660558015,6.475515295108755,5.386224214464796,0.0,11.374772549367124,24.26546827384644,39.491298815615686,0.0,80.38939164538263,22.74954509873425,20.922454780427895,0.0,10.357988675768818,10.772448428929591,12.13273413692322,2,0,3,4.0980000000000025,0,1,1,0,1,0,2,1,0,0,2,0
11.762918975364864,0.9130434782608695,10.00078053467358,-2.122055986402774,2.5483113322617603,5.926701502059583,0.0,5.783244946364939,0.0,42.64179675646347,33.89977121261351,0.0,71.7905736680101,11.374772549367124,16.859077629157497,0.0,27.639714551228256,10.772448428929591,37.255572541998674,2,0,3,4.484200000000002,0,1,1,1,1,0,2,1,0,1,0,0
11.817273888128867,0.8076923076923077,9.998974659061322,-2.130275710587273,2.6097157488415097,6.679359470474683,0.0,5.783244946364939,0.0,42.64179675646347,39.869076500565356,0.0,71.28765809124549,11.374772549367124,27.93491031195005,0.0,37.997703226997075,10.772448428929591,12.13273413692322,3,0,3,4.182400000000002,0,2,2,1,1,0,2,1,0,1,0,0
11.037651716002186,1.0,10.031602225163283,-2.110019540069189,2.5525608744350765,5.584014792104097,0.0,0.0,0.0,30.33183534230805,28.116526266248567,0.0,71.7905736680101,11.374772549367124,11.075832682792555,0.0,15.921440167465814,10.772448428929591,30.33183534230805,2,0,3,4.153280000000002,0,1,1,0,1,0,2,1,0,0,0,0
13.132525029984446,0.9166666666666666,10.019077491535315,-2.147903624087323,2.5401796466829794,5.882315167598833,0.0,0.0,0.0,35.71805955677285,28.116526266248567,0.0,71.7905736680101,24.546017692391587,11.075832682792555,6.176298517443475,15.921440167465814,10.772448428929591,30.33183534230805,2,0,3,5.3004000000000016,0,1,1,0,1,0,2,1,0,0,0,0
13.76945661174377,0.9523809523809523,10.079043947868705,-2.106401821897421,2.506005994877324,5.246275510204083,5.817220841045895,0.0,0.0,30.33183534230805,28.116526266248567,0.0,72.044343017359,15.765187597041944,11.075832682792555,0.0,10.357988675768818,10.772448428929591,36.39820241076966,2,0,3,4.420700000000003,0,1,1,0,1,0,2,1,0,0,0,0
10.98018385557978,1.05,10.137304317759495,-2.0940277572402093,2.4783535202472686,5.010594408332682,0.0,0.0,0.0,30.33183534230805,28.247002769400034,4.9839785209472085,66.35759867946456,11.374772549367124,16.059811203739763,0.0,10.357988675768818,10.902924932081056,24.395944776997904,2,0,3,3.6766000000000014,0,1,1,0,1,0,2,1,0,0,0,1
10.824949767377618,0.85,10.08879298183389,-2.095990735434092,2.4811023471777904,5.052938138047801,0.0,0.0,0.0,35.71805955677285,28.116526266248567,0.0,72.29348924477472,11.374772549367124,11.075832682792555,0.0,10.357988675768818,10.772448428929591,24.26546827384644,2,0,3,4.281600000000002,0,1,1,0,1,0,2,1,0,0,0,0
11.75427308033785,0.8695652173913043,10.001075166961328,-2.1198695023442693,2.550710154506852,5.926701502059583,0.0,5.783244946364939,0.0,48.70816382492508,33.89977121261351,0.0,71.7905736680101,11.374772549367124,16.859077629157497,0.0,27.639714551228256,10.772448428929591,37.255572541998674,2,0,3,4.484200000000002,0,1,1,1,1,0,2,1,0,1,0,0
11.235560279667425,0.8,10.08069575213526,-2.1148687547843905,2.4788472501349506,5.052938138047801,0.0,0.0,0.0,23.585325419849628,28.116526266248567,0.0,72.29348924477472,11.374772549367124,11.075832682792555,0.0,10.357988675768818,10.772448428929591,18.19910120538483,2,0,3,4.281600000000002,0,1,1,0,1,0,2,1,0,0,0,1
11.394373110355254,1.0,10.078066094148928,-2.130414948853908,2.54600694968771,5.773843252852653,5.749511833283905,0.0,0.0,23.585325419849628,28.116526266248567,0.0,66.2271221763131,11.374772549367124,18.18563022407009,0.0,10.357988675768818,10.772448428929591,19.242531678200752,2,0,3,4.290200000000002,0,1,1,0,1,0,2,1,0,0,0,0
11.499082577475434,0.9130434782608695,10.045041194893649,-2.1263805870844132,2.5486195240028513,5.926701502059583,0.0,5.783244946364939,0.0,36.57542968800186,33.89977121261351,0.0,71.7905736680101,11.374772549367124,16.859077629157497,0.0,27.639714551228256,10.772448428929591,12.13273413692322,2,0,3,4.484200000000003,0,1,1,1,1,0,2,1,0,1,0,0
11.553197803812882,1.0,10.03793185291952,-2.1290802011842027,2.6120775300701444,6.637225036195963,0.0,5.783244946364939,5.687386274683562,37.255572541998674,39.58715748729706,0.0,75.83852486831405,17.062158824050687,21.782388677975163,0.0,27.639714551228256,10.772448428929591,24.26546827384644,2,0,3,4.392400000000004,0,1,1,1,1,0,2,1,0,1,1,0
12.123364984882842,1.0909090909090908,10.000532504241122,-2.284385418695744,2.6591757387509833,4.520605522499968,5.538925252383345,0.0,11.594566004035068,25.980208536304467,34.08551521998629,5.316788604006331,46.512520679535236,16.169309733438947,22.400530542890593,4.794537184071822,13.847474399381248,10.772448428929591,38.112942673227685,1,1,2,2.5828000000000007,0,0,0,2,1,0,1,1,0,0,1,0
12.052724552784078,1.1818181818181819,10.001046939489695,-2.3003842690670897,2.6591757387509833,4.739031868520165,5.538925252383345,5.112436884724758,11.594566004035068,38.198081979351166,45.38471103541968,5.316788604006331,46.512520679535236,11.374772549367124,21.48185291527728,4.794537184071822,13.847474399381248,10.772448428929591,49.079219472539776,1,1,2,2.747700000000001,0,0,0,1,1,0,1,1,0,0,1,0
12.987203404509954,1.16,10.081298123551809,-2.076582841850055,2.856211887899643,6.607181634243952,5.749511833283905,0.0,5.907179729351506,54.95175817061889,34.380349839616926,4.567099647791355,64.30803377121505,0.0,28.659909601212945,11.21535880699783,21.615368162314272,10.902924932081056,56.49810422019942,1,0,3,3.9273200000000026,1,0,1,1,0,0,0,1,0,0,0,0
12.940302553120013,1.1538461538461537,10.108200990781118,-2.051640847314464,2.9910757870097813,7.6203136289347775,5.749511833283905,0.0,5.907179729351506,54.44884259385427,34.31822428101658,9.883888251797686,64.81094934797966,0.0,30.036013053684474,11.21535880699783,22.845177367156435,10.902924932081056,35.942365462915326,1,0,3,3.6704000000000025,0,0,0,2,1,0,0,1,0,0,0,0
11.010797167632486,1.0454545454545454,10.155420330828528,-2.0735117526227063,2.46996146760646,5.871997445683244,5.687386274683562,0.0,11.374772549367124,24.26546827384644,28.7188503866861,0.0,68.25665750845941,22.74954509873425,20.9224547804279,0.0,10.357988675768818,0.0,0.0,2,0,2,2.9448000000000016,0,1,1,0,1,0,2,0,0,0,2,0
12.791282206057863,1.0714285714285714,9.444764474449805,-2.6002602557505696,2.899239231036813,6.272007655173047,0.0,17.167540703713566,0.0,80.61130169812292,17.535795180681728,0.0,11.64912463690315,0.0,23.136845991665417,19.120474506015512,79.56443735893518,0.0,6.923737199690624,0,0,0,4.655200000000004,0,0,0,3,0,1,0,5,1,2,0,0
11.942522203325774,0.9444444444444444,10.107143701274966,-2.0414367231556225,2.390731379615023,4.035866968245452,17.09277939380059,5.428790391900541,0.0,24.26546827384644,10.969244356107037,0.0,64.82063119212685,0.0,5.106527394840706,0.0,0.0,22.292943266678478,48.53093654769288,1,0,3,3.1656000000000017,0,0,0,0,0,0,0,1,0,0,0,2
12.257521101033007,1.1304347826086956,9.916041286875013,-2.3673879459933698,2.887682255767422,5.494379575938145,0.0,5.724985593970254,0.0,24.26546827384644,34.7964457845001,4.899909730850478,63.63673909010791,5.687386274683562,30.50348423654005,15.256385731842123,11.126902983393991,0.0,12.13273413692322,1,2,2,3.4788000000000023,0,0,0,1,1,0,1,3,0,0,0,0
12.024468379944572,1.15,10.002162858539599,-2.1763231292707372,2.5840836386851525,5.097712849630266,6.544756405912575,0.0,0.0,18.19910120538483,28.907190897038284,0.0,64.6804728448282,5.687386274683562,25.21129312071197,4.794537184071822,11.126902983393991,0.0,18.013948781989278,0,1,2,3.1538000000000013,0,0,0,1,0,0,1,1,0,0,0,0
11.533555839002268,1.5333333333333334,9.89379136677932,-2.136136648296717,2.4881081753570387,5.686089815774063,5.783244946364939,0.0,0.0,25.18037091493942,11.75255023431679,0.0,12.152040213667762,0.0,16.859077629157497,9.589074368143644,39.02784531432067,0.0,0.0,1,0,0,2.4127,1,0,1,1,0,2,0,0,0,1,0,0
12.592278964054758,1.05,10.126160472425767,-2.1174300360480727,2.3823312318143866,5.241818181818182,0.0,0.0,0.0,30.33183534230805,17.344077837318974,0.0,59.65783953108687,24.546017692391587,11.075832682792555,6.176298517443475,15.921440167465814,0.0,12.13273413692322,2,0,2,4.147200000000001,0,1,1,0,1,0,2,0,0,0,0,1
13.655534832793407,1.16,10.003988021077399,-2.0481724162578905,2.799410528882768,6.763884813845741,5.817220841045895,0.0,0.0,70.67489364566974,33.99110349782857,0.0,70.54524932543742,4.39041504767482,21.540500358468428,15.59410622697613,30.034913297707618,17.222229166972415,24.454870388896232,1,0,2,4.365500000000003,1,0,1,0,0,2,0,1,0,0,0,0
11.269741108909127,1.2083333333333333,10.081317764311981,-2.093842369343692,2.811853980581545,6.275814589842614,5.749511833283905,0.0,0.0,48.382475525392664,22.559616494716465,4.567099647791355,59.28540045747372,5.687386274683562,22.75272987186144,17.760115212910407,16.82083097824245,10.902924932081056,7.109797541277533,3,0,3,3.2159200000000014,1,0,1,0,0,0,1,1,0,0,0,0
13.087994299571683,1.0769230769230769,10.080446079039438,-2.077863820133947,2.9223636006455713,7.216233135278674,5.749511833283905,0.0,5.907179729351506,54.95175817061889,34.380349839616926,4.567099647791355,64.30803377121505,0.0,30.663179747649774,15.95222176079788,21.615368162314272,10.902924932081056,42.008732531376936,0,0,3,4.015720000000003,0,0,0,2,0,0,0,1,1,0,0,0
11.142787383471907,1.1578947368421053,10.13141071855211,-2.1343428183465796,2.3930773530840233,5.510041665937221,0.0,0.0,0.0,30.686289896772447,40.545957617784005,0.0,57.5703720216463,11.374772549367124,11.075832682792555,0.0,15.921440167465814,0.0,30.33183534230805,2,0,2,4.743620000000002,0,1,1,0,1,0,2,0,0,0,0,1
12.48703656462585,1.25,10.061893252842554,-2.0679808826555286,2.6364966783642676,5.5074002291289075,0.0,0.0,0.0,42.81902403369567,23.353490124549303,4.567099647791355,57.86922762914028,0.0,21.42617727694885,18.26303078967502,27.309296157162734,0.0,48.87034417246722,1,0,2,2.8450200000000017,1,0,1,1,0,0,0,0,0,1,0,0
10.762425070336777,1.2,9.968471760898748,-2.0857579653870726,2.165506939440076,4.964460295417243,0.0,0.0,0.0,30.38936785217202,5.969305287951849,0.0,35.392371257240434,0.0,11.075832682792555,11.21535880699783,37.81602062862726,0.0,6.923737199690624,1,0,1,3.073200000000001,1,0,1,0,0,0,0,0,0,0,0,0
10.916244733634706,1.1764705882352942,9.977604551810945,-2.083501332160616,2.35984572389062,4.454042614687935,5.749511833283905,0.0,0.0,35.392371257240434,16.74175371688144,0.0,41.96165390246666,0.0,18.18563022407009,4.794537184071822,18.405094737549014,10.772448428929591,14.033534740968157,1,0,2,3.036500000000001,1,0,1,0,0,0,0,1,0,0,0,0
13.966636432350718,1.1666666666666667,9.969310125755085,-2.090853748838542,2.3826482345604867,5.001422908877978,5.817220841045895,0.0,0.0,24.117007251546223,5.969305287951849,0.0,59.911608880435764,4.39041504767482,11.075832682792555,4.794537184071822,18.405094737549014,11.126902983393991,19.056471336613843,1,0,2,3.6808000000000023,1,0,1,0,0,0,0,0,0,0,0,0
11.074125668403266,1.25,10.048864315169393,-2.0844112111477107,2.3455515991400455,7.28336164864393,5.749511833283905,0.0,0.0,49.60395324945835,18.014630682737582,0.0,47.05114893251585,0.0,17.045137970744406,16.00989599106965,31.898114582465862,6.076020106833881,12.13273413692322,1,0,1,3.2184000000000017,1,0,1,1,0,2,0,0,1,0,0,0
11.756490956384084,1.125,10.048339308123852,-2.1745606256594425,2.4175674152806668,8.480376579020922,11.350562644267594,0.0,0.0,70.37516484853022,18.014630682737582,0.0,47.05114893251585,0.0,17.53966138688739,20.7467589448697,52.66932618153773,6.076020106833881,18.208754243757102,0,0,1,4.475500000000004,0,0,0,2,0,2,0,0,2,0,0,0
10.9840961114703,1.3888888888888888,10.051171101183597,-2.033859931899872,2.3513843192388224,6.643818378049439,5.749511833283905,0.0,0.0,49.60395324945835,12.045325394785731,0.0,47.05114893251585,0.0,18.18563022407009,15.95222176079788,24.97437738277524,6.076020106833881,18.208754243757102,1,0,1,3.087100000000002,0,0,0,1,0,2,0,0,1,0,0,0
11.025299815174005,1.4444444444444444,9.93143162022031,-2.321960020025837,2.3457525906556227,4.844792737571378,11.350562644267594,0.0,0.0,56.02477487238436,12.045325394785731,0.0,35.402024295612705,0.0,18.68015364021307,15.95222176079788,31.395199005701247,6.076020106833881,6.076020106833881,0,1,1,2.9764000000000017,0,0,0,1,0,0,0,1,1,0,0,0
12.302132346970009,1.0357142857142858,10.046954050787953,-2.104587646250491,2.7036418632773764,10.875493769034023,5.749511833283905,0.0,0.0,61.58822636408134,18.014630682737582,0.0,82.9464357665209,0.0,19.048408117181232,27.16758056779571,36.95865049739824,6.076020106833881,12.142387175295491,0,0,2,4.919700000000004,0,0,0,2,0,2,0,0,2,0,0,0
12.396098076753047,1.0,10.046524926996867,-2.1747186216064627,2.6957727998352414,11.305465803669593,11.350562644267594,0.0,0.0,82.35943796315323,18.014630682737582,0.0,82.94643576652092,0.0,17.53966138688739,27.16758056779571,57.729862096470114,6.076020106833881,12.142387175295491,0,0,2,6.088400000000006,0,0,0,2,0,2,0,0,2,0,0,0
11.771806916828563,1.0,10.114501502337076,-2.0456188935212127,2.531013303630935,7.7842964852993255,5.749511833283905,0.0,0.0,35.7564788500771,18.014630682737582,0.0,71.80022670638238,0.0,17.045137970744406,16.009895991069655,17.54772460632,6.076020106833881,24.26546827384644,1,0,2,3.322600000000002,1,0,1,1,0,0,0,0,1,0,0,0
11.828821701520116,1.0454545454545454,10.114106572723255,-2.0502567025052327,2.522674793739546,7.7842964852993255,5.749511833283905,0.0,0.0,35.7564788500771,18.014630682737582,0.0,71.80022670638238,0.0,17.045137970744406,16.009895991069655,17.54772460632,6.076020106833881,24.26546827384644,1,0,2,3.322600000000002,1,0,1,1,0,0,0,0,1,0,0,0
11.771806916828563,1.0,10.114501502337076,-2.0456188935212127,2.531013303630935,7.7842964852993255,5.749511833283905,0.0,0.0,35.7564788500771,18.014630682737582,0.0,71.80022670638238,0.0,17.045137970744406,16.009895991069655,17.54772460632,6.076020106833881,24.26546827384644,1,0,2,3.322600000000002,1,0,1,1,0,0,0,0,1,0,0,0
11.800109543434761,0.95,10.170817120889497,-2.038881511321895,2.47135075829915,6.334524392960572,5.749511833283905,0.0,0.0,35.90493987237732,18.014630682737582,0.0,71.80022670638238,0.0,17.045137970744406,4.794537184071822,15.921440167465814,6.076020106833881,48.53093654769288,1,0,2,3.0036000000000014,1,0,1,1,0,0,0,0,1,0,0,0
11.772331765656983,1.05,10.174206801907378,-2.037218029834768,2.47135075829915,6.285182247656261,5.749511833283905,0.0,0.0,35.90493987237732,18.014630682737582,4.9839785209472085,65.99481264422369,0.0,22.029116491691614,4.794537184071822,15.921440167465814,6.076020106833881,36.39820241076966,1,0,2,2.398600000000001,1,0,1,1,0,0,0,0,1,0,0,0
11.921156025858615,0.9615384615384616,10.114420923826446,-2.1738775783912168,2.5875541497428745,8.994816215080869,11.350562644267594,0.0,0.0,56.52769044914897,18.014630682737582,0.0,71.80022670638238,0.0,17.53966138688739,20.7467589448697,38.31893620539187,6.076020106833881,30.34148838068032,0,0,2,4.579700000000004,0,0,0,2,0,0,0,0,2,0,0,0
10.103371756109851,1.25,10.179852697106197,-1.9161544724448718,2.0332304057200563,3.5717551785978525,5.749511833283905,0.0,0.0,23.772205735454097,12.045325394785731,0.0,35.90493987237732,0.0,16.182360077633263,4.794537184071822,5.563451491696996,6.076020106833881,12.13273413692322,2,0,1,1.49,1,0,1,0,0,0,0,0,0,0,0,0
10.108245464852608,1.4166666666666667,10.177156074235711,-1.922757861340419,2.0100315609887383,3.5717551785978525,5.749511833283905,0.0,0.0,23.772205735454097,12.045325394785731,0.0,35.90493987237732,0.0,16.182360077633263,4.794537184071822,5.563451491696996,6.076020106833881,12.13273413692322,2,0,1,1.49,1,0,1,0,0,0,0,0,0,0,0,0
10.226590372260015,1.5,10.161828548168648,-2.025952349800892,2.162301400248651,4.318275375747829,0.0,11.49902366656781,0.0,23.772205735454097,12.045325394785731,0.0,29.838572803915707,0.0,23.292157618910792,4.794537184071822,5.563451491696996,6.076020106833881,12.13273413692322,2,0,1,1.4986,1,0,1,0,0,0,0,0,0,0,0,0
12.402576050392609,1.0,10.14694877627691,-2.095664619667853,2.38347085164274,5.241818181818182,0.0,0.0,0.0,42.46456947923127,17.344077837318974,0.0,59.65783953108687,24.546017692391587,11.075832682792555,6.176298517443475,15.921440167465814,0.0,12.13273413692322,2,0,2,4.1472000000000016,0,1,1,0,1,0,2,0,0,0,0,0
10.822465234180601,1.105263157894737,10.165643412929542,-2.0628616528447634,2.393440469136846,5.175163452247157,0.0,0.0,5.687386274683562,30.33183534230805,23.031464112002535,0.0,64.20870630815546,17.062158824050687,15.999143731610225,0.0,10.357988675768818,0.0,24.26546827384644,2,0,2,3.036600000000001,0,1,1,0,1,0,2,0,0,0,1,0
11.148933714593888,0.9473684210526315,10.12228120493189,-2.0719172356651323,2.393440469136846,5.350651988847621,0.0,5.783244946364939,0.0,49.38830667892189,23.127322783683915,0.0,59.65783953108687,11.374772549367124,16.859077629157497,0.0,27.639714551228256,0.0,42.46456947923127,2,0,2,3.3310000000000004,0,1,1,1,1,0,2,0,0,1,0,0
11.97790910808768,1.1,10.127152708582484,-2.0871225711463346,2.401503995783596,5.625567550579745,5.749511833283905,0.0,5.907179729351506,36.39820241076966,29.16481118221943,0.0,58.614105776366586,5.687386274683562,22.089539806984767,0.0,20.715977351537635,0.0,0.0,3,0,2,2.9961,0,1,1,1,1,0,1,0,0,0,0,0
11.99917646919879,1.1,10.128210640183086,-2.088020541405475,2.401503995783596,5.748284074019256,5.749511833283905,0.0,5.907179729351506,36.39820241076966,33.493815189936264,0.0,58.06419197845768,5.687386274683562,22.089539806984767,0.0,20.715977351537635,0.0,6.06636706846161,3,0,2,3.105200000000001,0,1,1,1,1,0,1,0,0,0,0,0
12.704837018140589,1.0454545454545454,10.0166030665679,-2.276729864565232,2.541334096160097,5.548273547921354,0.0,0.0,0.0,35.74682581170483,15.992596441359433,4.305215991296234,65.22129102278387,0.0,30.3436020643303,22.98886918224617,21.48489165916281,0.0,0.0,1,1,2,2.1318,0,1,1,0,0,0,0,1,0,0,0,0
12.762514487276391,1.1304347826086956,10.01607797505807,-2.279235931687861,2.5395381018532017,6.068218988997586,0.0,0.0,0.0,47.87955994862805,31.92254033930878,4.305215991296234,63.62764347015467,0.0,30.3436020643303,22.98886918224617,21.48489165916281,0.0,0.0,1,1,2,2.894300000000001,0,1,1,0,0,0,0,1,0,0,0,0
12.85439058956916,1.0869565217391304,10.016602237009666,-2.277200944115996,2.602880771734629,6.137559025571424,0.0,0.0,5.907179729351506,35.74682581170483,15.930470882759089,9.622004595302565,65.22129102278387,0.0,32.22262109356644,22.98886918224617,21.48489165916281,0.0,12.13273413692322,1,1,2,1.7932,0,0,0,1,1,0,0,1,0,0,0,0
12.732059240362812,1.1363636363636365,10.002386757512987,-2.294199175148991,2.541334096160097,5.699597940721919,0.0,0.0,0.0,35.74682581170483,26.765044870289024,4.305215991296234,42.46456947923127,0.0,36.88835847024288,14.817828337479405,12.841643245852019,10.772448428929591,18.19910120538483,1,1,2,2.325100000000001,1,0,1,0,0,0,0,1,0,0,0,0
11.124030086475972,1.0,10.064435684429114,-2.1044418564447107,2.5483113322617603,5.763838676353537,0.0,0.0,5.687386274683562,30.33183534230805,33.803912540932124,0.0,76.34144044507869,17.062158824050687,15.999143731610225,0.0,10.357988675768818,10.772448428929591,42.46456947923127,2,0,3,4.189800000000003,0,1,1,0,1,0,2,1,0,0,1,0
11.646022297808011,1.3888888888888888,10.217651304591934,-2.0786031789813366,2.6050319863380516,5.091289572002246,10.99944986326608,0.0,5.239211713172287,12.13273413692322,34.502842395949976,5.316788604006331,24.26546827384644,10.481923458755384,27.410036596698177,9.589074368143644,6.4208216229260096,0.0,18.19910120538483,3,1,1,1.0724,0,0,0,3,2,0,1,0,0,0,0,2
12.766370071176619,1.1666666666666667,10.111585474405878,-2.051118909314133,2.9175940553181823,6.372574110880909,5.749511833283905,0.0,5.907179729351506,48.02802097092827,34.380349839616926,4.567099647791355,64.81094934797966,0.0,28.659909601212945,11.21535880699783,15.921440167465814,10.902924932081056,48.661413050844345,1,0,3,3.618900000000002,1,0,1,1,0,0,0,1,0,0,0,0
13.262021998614262,1.1481481481481481,10.052653565475346,-2.1041102781097787,2.980925376694718,7.841843705096445,5.749511833283905,0.0,5.907179729351506,60.86966421678028,34.380349839616926,4.567099647791355,64.30803377121505,0.0,28.65990960121295,17.63618042992384,34.95992698493091,10.902924932081056,42.008732531376936,1,0,3,4.571400000000004,1,0,1,1,0,0,0,1,0,0,0,0
12.059506330309901,1.1363636363636365,10.117595951701784,-2.0852920238689108,2.4847613042115895,5.91648100111604,5.749511833283905,0.0,11.594566004035068,24.26546827384644,23.25125756667048,0.0,63.705790731390834,11.374772549367124,27.012850855802437,0.0,20.715977351537635,0.0,0.0,3,0,2,2.2509000000000006,0,1,1,1,1,0,1,0,0,0,1,0
12.08902021919879,1.1818181818181819,10.123443335624216,-2.085147570131086,2.4847613042115895,6.230675470014197,0.0,0.0,11.594566004035068,24.26546827384644,34.85219745690299,0.0,68.72842404513216,11.374772549367124,21.90632346096173,0.0,20.715977351537635,0.0,0.0,2,0,2,3.1987000000000014,0,1,1,1,1,0,1,0,0,0,1,0
12.241242441421013,1.2608695652173914,10.070687425176288,-2.1201735829493336,2.489407533204934,6.450367990756464,0.0,0.0,11.594566004035068,30.686289896772447,34.85219745690299,0.0,68.22550846836755,11.374772549367124,21.90632346096173,0.0,26.27942884323463,0.0,6.923737199690624,2,0,2,3.5071200000000022,0,1,1,1,1,0,1,0,0,0,1,0
12.263554500503904,1.0869565217391304,10.107201670073717,-2.1350647162781655,2.535487359509953,6.6943700321272495,0.0,11.49902366656781,5.907179729351506,18.19910120538483,23.25125756667048,0.0,47.52510539416365,11.374772549367124,31.202607494699123,0.0,20.715977351537635,0.0,18.19910120538483,4,0,2,2.2365000000000004,0,1,1,1,1,0,2,0,0,0,0,0
12.003950774754346,1.1,10.118200148500517,-2.0888284438611153,2.401503995783596,5.312783375143193,5.749511833283905,0.0,5.907179729351506,36.39820241076966,23.251257566670482,0.0,53.59147246262526,11.374772549367124,22.089539806984767,0.0,20.715977351537635,0.0,18.19910120538483,5,0,2,1.9248999999999998,0,1,1,1,1,0,2,0,0,0,0,0
13.268764384898944,1.2173913043478262,10.120848187714545,-2.0879888825453947,2.4842066948568626,6.526940044475002,0.0,0.0,5.907179729351506,30.33183534230805,39.181201464619825,0.0,67.92936401980752,15.765187597041944,21.90632346096173,0.0,20.715977351537635,0.0,0.0,2,0,2,3.446900000000001,0,1,1,1,1,0,1,0,0,0,1,0
11.925967498110355,1.0,10.128788642373259,-2.0787467504462374,2.387364787964492,5.220494471775989,5.749511833283905,0.0,5.907179729351506,30.33183534230805,17.563871291986917,0.0,59.65783953108687,5.687386274683562,22.089539806984767,0.0,20.715977351537635,0.0,12.13273413692322,3,0,2,2.3427000000000007,0,1,1,1,1,0,1,0,0,0,0,1
11.97790910808768,1.1,10.12715270858248,-2.0871225711463324,2.401503995783596,5.625567550579745,5.749511833283905,0.0,5.907179729351506,36.39820241076966,29.16481118221943,0.0,58.614105776366586,5.687386274683562,22.089539806984767,0.0,20.715977351537635,0.0,0.0,3,0,2,2.9961,0,1,1,1,1,0,1,0,0,0,0,0
12.20799894494835,1.0434782608695652,10.108913610510466,-2.134471352169398,2.535487359509953,6.6943700321272495,5.749511833283905,11.49902366656781,5.907179729351506,18.19910120538483,17.563871291986917,0.0,47.52510539416365,5.687386274683562,36.30913488953983,0.0,20.715977351537635,0.0,0.0,3,0,2,2.3599000000000006,0,1,1,1,1,0,1,0,0,0,0,0
12.01089521919879,1.1363636363636365,10.11381364364647,-2.083099720000598,2.4664710018608624,5.91648100111604,5.749511833283905,0.0,11.594566004035068,24.26546827384644,23.25125756667048,0.0,63.705790731390834,11.374772549367124,27.012850855802437,0.0,20.715977351537635,0.0,0.0,3,0,2,2.2509000000000006,0,1,1,1,1,0,1,0,0,0,1,0
11.99917646919879,1.1,10.128210640183099,-2.088020541405478,2.401503995783596,5.748284074019256,5.749511833283905,0.0,5.907179729351506,36.39820241076966,33.493815189936264,0.0,58.06419197845767,5.687386274683562,22.089539806984767,0.0,20.715977351537635,0.0,6.06636706846161,3,0,2,3.1052,0,1,1,1,1,0,1,0,0,0,0,0
12.25899081160242,1.2272727272727273,10.127431423383788,-2.098328883115092,2.491626163205309,7.085013233574662,5.749511833283905,0.0,5.907179729351506,43.321939610460284,33.493815189936264,0.0,58.06419197845768,5.687386274683562,23.58989437665698,0.0,27.639714551228256,0.0,30.33183534230805,2,0,2,3.798300000000002,0,1,1,1,1,0,1,0,0,0,0,0
12.384704546170319,1.2083333333333333,10.127098554922508,-2.1031009159140424,2.5652187252008827,8.494797745957706,5.749511833283905,0.0,5.907179729351506,42.81902403369567,33.493815189936264,0.0,58.06419197845768,5.687386274683562,23.58989437665698,0.0,40.48135779708028,0.0,36.39820241076966,2,0,2,4.578500000000004,0,1,1,1,1,0,1,0,0,0,0,0
12.422795650667673,1.2307692307692308,10.118157411441432,-2.10256968845591,2.6152241860107512,8.610730984334356,0.0,5.749511833283905,5.907179729351506,24.619922828310838,23.251257566670482,0.0,63.705790731390834,11.374772549367124,28.513205425474645,0.0,40.48135779708028,0.0,12.13273413692322,2,0,2,3.7242000000000015,0,1,1,1,1,0,1,0,0,0,1,1
12.402576050392609,1.0,10.146948776276906,-2.095664619667856,2.38347085164274,5.241818181818182,0.0,0.0,0.0,42.46456947923127,17.344077837318974,0.0,59.65783953108687,24.546017692391587,11.075832682792555,6.176298517443475,15.921440167465814,0.0,12.13273413692322,2,0,2,4.1472000000000016,0,1,1,0,1,0,2,0,0,0,0,0
11.124030086475972,1.0,10.064435684429132,-2.1044418564447094,2.5483113322617603,5.763838676353537,0.0,0.0,5.687386274683562,30.33183534230805,33.80391254093213,0.0,76.34144044507869,17.062158824050687,15.999143731610225,0.0,10.357988675768818,10.772448428929591,42.46456947923127,2,0,3,4.189800000000003,0,1,1,0,1,0,2,1,0,0,1,0
10.822465234180601,1.105263157894737,10.165643412929551,-2.0628616528447634,2.393440469136846,5.175163452247157,0.0,0.0,5.687386274683562,30.33183534230805,23.031464112002535,0.0,64.20870630815546,17.062158824050687,15.999143731610225,0.0,10.357988675768818,0.0,24.26546827384644,2,0,2,3.036600000000001,0,1,1,0,1,0,2,0,0,0,1,0
10.611948223733938,1.3076923076923077,10.182282381035343,-2.0311320919470135,2.0325369160995868,3.7092512583454584,11.3129633249809,0.0,0.0,12.13273413692322,11.938610575903699,0.0,29.828919765543436,0.0,17.045137970744406,4.794537184071822,17.28172587545944,0.0,12.13273413692322,1,0,1,1.3101,0,1,1,1,0,0,0,0,1,0,0,1
10.261759259259259,1.3,10.187505361182785,-1.9456164985020494,1.8787445285930133,2.389632707443791,11.3129633249809,0.0,0.0,12.13273413692322,5.969305287951849,0.0,29.828919765543436,0.0,16.182360077633263,0.0,10.357988675768818,0.0,12.13273413692322,2,0,1,1.0903999999999998,0,1,1,0,0,0,0,0,0,0,0,1
11.123831884605693,1.0,10.074066240493307,-2.127375669438052,2.3523078979925844,4.918407118135079,0.0,0.0,0.0,43.173478588160066,17.344077837318974,0.0,59.15492395432226,11.374772549367124,11.075832682792555,0.0,21.48489165916281,0.0,18.19910120538483,2,0,2,3.7452400000000017,0,1,1,0,1,0,2,0,0,0,0,1
11.12418965734442,1.1176470588235294,10.095496314866441,-2.0963574250696415,2.3239534587373507,4.699037479729979,0.0,0.0,0.0,31.18920547353706,17.344077837318974,0.0,59.65783953108687,11.374772549367124,11.075832682792555,0.0,15.921440167465814,0.0,12.13273413692322,2,0,2,3.436820000000001,0,1,1,0,1,0,2,0,0,0,0,1
10.995458235380674,1.0,10.161144178247207,-2.069384161098799,2.4728789192241014,5.871997445683244,5.687386274683562,0.0,11.374772549367124,30.33183534230805,28.718850386686096,0.0,68.25665750845941,22.74954509873425,20.922454780427895,0.0,10.357988675768818,0.0,0.0,2,0,2,2.9448000000000008,0,1,1,0,1,0,2,0,0,0,2,0
11.040183610481229,1.1176470588235294,10.144181420705639,-2.0929549210779608,2.29664793400528,4.8884297520661155,0.0,0.0,0.0,30.33183534230805,28.945017727551487,0.0,59.1170213531312,11.374772549367124,11.075832682792555,0.0,10.357988675768818,0.0,12.13273413692322,2,0,2,3.7818000000000014,0,1,1,0,1,0,2,0,0,0,0,1
11.083267510707987,1.1578947368421053,10.12662934795203,-2.087494094794828,2.390808213036695,5.175163452247157,0.0,0.0,5.687386274683562,18.19910120538483,23.03146411200254,0.0,64.20870630815546,17.062158824050687,15.999143731610227,0.0,10.357988675768818,0.0,24.26546827384644,2,0,2,3.036600000000001,0,1,1,0,1,0,2,0,0,0,1,1
10.746801024052106,1.1176470588235294,10.144114642687258,-2.091617077088949,2.3265884827413825,4.569715341117977,0.0,0.0,0.0,30.33183534230805,23.03146411200254,0.0,54.09438803938988,17.062158824050687,11.075832682792555,0.0,10.357988675768818,0.0,6.06636706846161,4,0,2,2.7106000000000003,0,1,1,0,1,0,3,0,0,0,0,1
11.094298836818679,1.1666666666666667,10.13564236686554,-2.0987523106717614,2.316534083638063,5.104166666666667,0.0,0.0,0.0,37.255572541998674,28.945017727551487,0.0,58.614105776366586,11.374772549367124,11.075832682792555,0.0,15.921440167465814,0.0,12.13273413692322,2,0,2,4.090220000000002,0,1,1,0,1,0,2,0,0,0,0,0
11.98002409297052,0.7058823529411765,10.02145142996358,-2.0093866598750583,2.388404271455187,4.6148561852743555,0.0,5.783244946364939,0.0,12.13273413692322,11.75255023431679,0.0,71.28765809124549,0.0,16.859077629157497,0.0,26.27942884323463,0.0,24.26546827384644,1,0,2,2.6158,0,1,1,1,0,0,0,0,0,1,0,0
11.746204498213427,1.1818181818181819,9.522167068295602,-2.5262259533961533,2.790408774112263,4.7123736531989255,11.384295757348628,0.0,0.0,62.69946949896625,5.783244946364939,0.0,11.146209060138535,0.0,16.490823152189332,4.794537184071822,64.71113180602472,0.0,5.573104530069267,1,0,0,3.636600000000003,0,0,0,1,0,2,0,4,0,1,0,0
11.852874944169585,1.2608695652173914,9.500177999065526,-2.546473218202309,2.7915104342500596,4.962497905256656,11.384295757348628,0.0,0.0,62.19655392220163,5.783244946364939,0.0,11.146209060138535,0.0,16.490823152189336,4.794537184071822,65.21404738278933,0.0,5.573104530069267,1,0,0,3.882600000000004,0,0,0,1,0,2,0,4,0,1,0,0
12.825416666666666,0.48,9.909071373297492,-2.4014107780781346,2.3520090748010207,5.456258065310048,0.0,0.0,0.0,0.0,5.969305287951849,0.0,0.0,65.8562257151223,52.78730620880349,4.794537184071822,0.0,0.0,0.0,1,0,0,4.4451,1,0,1,0,0,0,0,0,0,0,0,0
13.365600552721087,0.32432432432432434,9.850549547718716,-2.4441115232974218,2.6475351701541814,8.178795087426241,0.0,0.0,0.0,0.0,5.969305287951849,0.0,0.0,100.97954609652088,76.4774228811818,4.794537184071822,0.0,0.0,0.0,1,0,0,6.986300000000002,1,0,1,0,0,0,0,0,0,0,0,0
11.365949074074074,1.0,10.117482441059687,-2.1774438611759934,1.4942701542178758,2.831486227328625,0.0,0.0,0.0,0.0,5.969305287951849,0.0,0.0,26.34249028604892,23.428429717679503,4.794537184071822,0.0,0.0,0.0,1,0,0,1.8118,1,0,1,0,0,0,0,0,0,0,0,0
10.55787037037037,1.6666666666666667,10.747283393120021,-1.8081154088239204,1.3609640474436813,1.690137140121582,0.0,0.0,0.0,0.0,5.969305287951849,0.0,0.0,8.78083009534964,17.501277427651743,4.794537184071822,0.0,0.0,0.0,1,0,0,0.3361,1,0,1,0,0,0,0,0,0,0,0,0
12.708078703703704,0.75,10.2312200625699,-2.3220687010935426,2.118336352317721,4.59524141735313,0.0,0.0,0.0,0.0,5.969305287951849,0.0,0.0,48.29456552442303,41.31436855578816,9.53140013787187,0.0,0.0,4.736862953800049,1,0,0,3.1061,1,0,1,0,0,0,0,0,0,0,0,0
12.883194444444444,0.46153846153846156,9.937706092188913,-2.4021064210194347,2.3408423723280767,5.678299858515544,0.0,0.0,0.0,0.0,10.118126859033554,0.0,0.0,65.8562257151223,54.01405236785102,10.118126859033554,0.0,0.0,0.0,1,0,0,4.2058,0,0,0,0,0,0,0,0,0,0,0,0
12.128701581215335,1.1304347826086956,9.482886141677762,-2.554272800058724,2.8512912772504935,4.908423477457827,5.783244946364939,5.783244946364939,0.0,79.26066902850157,11.566489892729878,0.0,23.80116485057091,0.0,11.566489892729878,9.589074368143644,59.296141336627926,0.0,6.923737199690624,0,0,0,4.499500000000004,0,0,0,2,0,4,0,5,0,2,0,0
11.915781471564749,1.2592592592592593,9.500124914191717,-2.552584863437648,2.855829141849527,6.168531000771803,5.783244946364939,5.601050810983688,0.0,62.19655392220163,16.182245528014544,0.0,11.146209060138535,0.0,24.35484261536793,19.376623198371135,65.21404738278933,0.0,0.0,0,0,0,3.3671000000000024,0,0,0,1,0,2,0,4,0,1,0,0
11.23600670823885,0.8823529411764706,10.030457050383587,-2.021482104481203,2.3774897324964903,5.12240119834202,0.0,0.0,0.0,17.202923090227873,17.618429924854997,0.0,71.7905736680101,0.0,11.075832682792555,4.794537184071822,11.126902983393991,11.64912463690315,18.208754243757102,1,0,2,3.3118000000000016,1,0,1,0,0,0,0,0,0,0,0,0
11.797696916729656,0.8846153846153846,10.01133352914384,-2.142843996859229,2.6417976734490005,8.153195865135594,0.0,22.99804733313562,0.0,41.468391364074314,17.618429924855,0.0,41.45873832570204,0.0,44.62155024274339,4.794537184071822,11.126902983393991,11.64912463690315,24.26546827384644,2,0,2,3.0518000000000023,1,0,1,0,0,0,0,0,0,0,0,0
11.952603038128832,0.8275862068965517,10.011014569328902,-2.1445672304062406,2.6983886901167082,9.495927553363686,0.0,22.99804733313562,0.0,41.468391364074314,23.587735212806848,0.0,41.45873832570204,0.0,45.48432813585453,9.589074368143644,18.050640183084617,11.64912463690315,12.13273413692322,1,0,2,3.2715000000000023,1,0,1,1,0,0,0,0,1,0,0,0
11.854184828252288,0.9629629629629629,10.01260240422277,-2.1425489701076668,2.6392357841372025,8.752081356769681,5.749511833283905,11.49902366656781,0.0,41.468391364074314,23.587735212806848,0.0,47.52510539416365,0.0,38.374530594577,9.589074368143644,18.050640183084617,11.64912463690315,36.39820241076966,1,0,2,3.262900000000001,1,0,1,1,0,0,0,0,1,0,0,0
13.882333601510188,0.9230769230769231,10.012064573870548,-2.142546241647285,2.6417976734490005,8.24194422798444,0.0,23.06575634089761,0.0,41.468391364074314,17.618429924855,0.0,47.27595916674794,4.39041504767482,39.515022847902685,4.794537184071822,11.126902983393991,11.64912463690315,6.06636706846161,1,0,2,3.4853000000000023,1,0,1,0,0,0,0,0,0,0,0,0
13.324046564473152,1.0416666666666667,10.013479231336387,-2.1417471160230397,2.5764548854460307,7.499375044021404,5.817220841045895,11.49902366656781,0.0,41.468391364074314,17.618429924855,0.0,53.34232623520955,4.39041504767482,32.405225306625155,4.794537184071822,11.126902983393991,11.64912463690315,6.06636706846161,1,0,2,3.476700000000002,1,0,1,0,0,0,0,0,0,0,0,0
11.898487811791384,0.7777777777777778,10.01111673485422,-2.1442470753600706,2.6966068653567987,8.842550114628034,0.0,22.99804733313562,0.0,41.468391364074314,17.618429924855,0.0,41.45873832570204,0.0,46.624820389180215,4.794537184071822,11.126902983393991,11.64912463690315,30.33183534230805,1,0,2,3.354800000000002,1,0,1,0,0,0,0,0,0,0,0,0
11.775269195641219,0.88,10.013294645204544,-2.142090721075045,2.6448852426007807,8.098567534730352,5.749511833283905,11.49902366656781,0.0,41.468391364074314,17.618429924855,0.0,47.52510539416365,0.0,39.515022847902685,4.794537184071822,11.126902983393991,11.64912463690315,49.58402005888107,1,0,2,3.3462000000000023,1,0,1,0,0,0,0,0,0,0,0,0
12.01293217750063,0.8888888888888888,9.981363747103448,-2.1439953990833103,2.701267817521575,7.826181344561608,0.0,11.49902366656781,0.0,40.10810565608068,28.390878353784593,0.0,65.72420659954848,0.0,32.405225306625155,4.794537184071822,11.126902983393991,22.421573065832742,18.208754243757102,1,0,3,4.490800000000004,1,0,1,0,0,0,0,1,0,0,0,0
11.940443830309901,0.8518518518518519,9.998065694373363,-2.142473220127035,2.699597309845779,7.826181344561608,0.0,11.49902366656781,0.0,46.1744727245423,28.390878353784593,0.0,65.72420659954848,0.0,32.405225306625155,4.794537184071822,11.126902983393991,22.421573065832742,18.208754243757102,1,0,3,4.490800000000004,1,0,1,0,0,0,0,1,0,0,0,0
11.862893597253716,0.7777777777777778,10.014313577414802,-2.1354079132816786,2.6966362106985833,8.842550114628034,0.0,22.99804733313562,0.0,41.468391364074314,17.618429924855,0.0,41.45873832570204,0.0,46.624820389180215,4.794537184071822,11.126902983393991,11.64912463690315,30.33183534230805,1,0,2,3.3548000000000027,1,0,1,0,0,0,0,0,0,0,0,0
11.898487811791384,0.7407407407407407,10.010919448660493,-2.1346470899081886,2.6990263928737495,8.84255011462804,5.749511833283905,22.99804733313562,0.0,29.838572803915707,17.618429924855,0.0,41.45873832570204,0.0,46.624820389180215,4.794537184071822,11.126902983393991,11.64912463690315,30.33183534230805,1,0,2,3.354800000000002,1,0,1,0,0,0,0,0,0,0,0,0
11.901331648400102,0.92,9.963268775024963,-2.0994128939693364,2.6493530183944105,7.0928502410405985,0.0,11.49902366656781,0.0,40.10810565608068,28.390878353784593,0.0,71.7905736680101,0.0,25.295427765347622,4.794537184071822,11.126902983393991,22.421573065832742,38.494716394773775,1,0,3,4.482200000000003,1,0,1,0,0,0,0,1,0,0,0,0
11.793724726001512,0.88,9.990473744855773,-2.090273396261493,2.6480386333397408,7.0928502410405985,0.0,11.49902366656781,0.0,46.17447272454229,28.390878353784593,0.0,71.7905736680101,0.0,25.29542776534762,4.794537184071822,11.126902983393991,22.421573065832742,38.494716394773775,1,0,3,4.482200000000003,1,0,1,0,0,0,0,1,0,0,0,0
11.355001049802638,1.0526315789473684,10.030094971615409,-2.0323214544464694,2.4573625173140154,6.25,0.0,0.0,0.0,35.59142641066249,29.38031487424611,0.0,65.72420659954848,0.0,17.33160186630396,4.794537184071822,11.126902983393991,11.64912463690315,29.970639193148216,1,0,2,4.033700000000002,1,0,1,0,0,0,0,0,0,0,0,0
11.386557872409243,1.0,10.030092181492016,-2.035766253320882,2.4470744556068005,5.929209252286176,0.0,9.837253136417502,0.0,29.335657227151092,27.455683061272495,0.0,65.72420659954848,0.0,25.749398850632893,14.631790320489323,11.126902983393991,11.64912463690315,36.39820241076966,1,0,2,2.715300000000001,1,0,1,0,0,0,0,0,0,0,0,0
11.594433474006888,1.0833333333333333,10.021604295821573,-2.0531918628233825,2.9906429814511415,6.0099173553719,0.0,21.33627680298531,0.0,41.468391364074314,27.455683061272495,0.0,53.59147246262526,0.0,32.54234115673272,14.631790320489323,11.126902983393991,11.64912463690315,30.33183534230805,1,1,2,2.444000000000001,1,0,1,0,0,0,0,1,0,0,0,0
11.86433565018702,1.0,10.030095474052409,-2.057747893276516,2.521703076194925,7.096608363428575,0.0,0.0,10.023291153407584,29.335657227151092,33.54890080761408,4.722094864452088,65.72420659954848,0.0,25.400809396472994,19.612365521551226,18.050640183084614,11.64912463690315,30.33183534230805,2,0,2,2.1365999999999996,1,0,1,1,1,0,0,0,0,0,0,0
11.407987651110847,1.0,10.029651169368966,-2.046332079877915,2.4467580530369597,5.929209252286176,0.0,9.837253136417502,0.0,29.335657227151092,27.455683061272502,0.0,65.72420659954848,0.0,25.749398850632893,14.631790320489323,11.126902983393991,11.64912463690315,18.208754243757102,1,0,2,2.7153,1,0,1,0,0,0,0,0,0,0,0,0
11.406942659779961,1.1,10.029427062690754,-2.0390792527571815,2.460728262498392,6.638286463373893,0.0,0.0,0.0,47.72416054758571,40.98125476447863,0.0,64.6804728448282,0.0,17.33160186630396,4.794537184071822,11.126902983393991,11.64912463690315,42.103373330071435,1,0,2,4.687100000000004,1,0,1,0,0,0,0,0,0,0,0,0
11.418259532207944,1.0454545454545454,10.029424314157273,-2.0418019740730524,2.450136515733605,6.336024128684361,0.0,9.837253136417502,0.0,41.468391364074314,39.05662295150501,0.0,64.6804728448282,0.0,25.749398850632893,14.631790320489323,11.126902983393991,11.64912463690315,36.39820241076966,1,0,2,3.3687000000000014,1,0,1,0,0,0,0,0,0,0,0,0
11.440463535980236,1.0454545454545454,10.029350711700479,-2.048608701132844,2.453546559698567,6.336024128684361,0.0,9.837253136417502,0.0,41.468391364074314,39.05662295150501,0.0,64.6804728448282,0.0,25.749398850632893,14.631790320489323,11.126902983393991,11.64912463690315,24.26546827384644,1,0,2,3.3687000000000014,1,0,1,0,0,0,0,0,0,0,0,0
11.42321722516167,1.2,10.02911010675469,-2.0418689101882515,2.447442352274705,6.638286463373893,0.0,0.0,0.0,47.72416054758571,40.98125476447863,0.0,64.6804728448282,0.0,17.33160186630396,4.794537184071822,11.126902983393991,11.64912463690315,42.103373330071435,1,0,2,4.687100000000003,1,0,1,0,0,0,0,0,0,0,0,0
11.434534097589655,1.1363636363636365,10.02910735567488,-2.0443971829267436,2.4367589713236555,6.336024128684361,0.0,9.837253136417502,0.0,41.468391364074314,39.05662295150501,0.0,64.6804728448282,0.0,25.749398850632893,14.631790320489323,11.126902983393991,11.64912463690315,36.39820241076966,1,0,2,3.3687000000000014,1,0,1,0,0,0,0,0,0,0,0,0
11.45153151769967,1.1363636363636365,10.029209333029197,-2.0497064343806217,2.436434554213395,6.336024128684361,0.0,9.837253136417502,0.0,41.468391364074314,39.05662295150501,0.0,64.6804728448282,0.0,25.749398850632893,14.631790320489323,11.126902983393991,11.64912463690315,24.26546827384644,1,0,2,3.3687000000000014,1,0,1,0,0,0,0,0,0,0,0,0
12.910476778396983,1.0454545454545454,10.02807630210669,-2.0397501731088523,2.450136515733605,6.1092182845931085,5.817220841045895,9.837253136417502,0.0,41.468391364074314,27.455683061272495,0.0,65.47506037213277,4.39041504767482,25.749398850632893,14.631790320489323,11.126902983393991,11.64912463690315,0.0,1,0,2,2.854400000000001,1,0,1,0,0,0,0,0,0,0,0,0
12.867888909916257,1.0454545454545454,10.028737572774114,-2.0478008429255925,2.453546559698567,6.1092182845931085,5.817220841045895,9.837253136417502,0.0,41.468391364074314,27.455683061272502,0.0,65.47506037213277,4.39041504767482,25.749398850632893,14.631790320489323,11.126902983393991,11.64912463690315,0.0,1,0,2,2.8544,1,0,1,0,0,0,0,0,0,0,0,0
11.466526636117411,1.0,10.0229034987407,-2.0499376685112085,2.453546559698567,6.153120594643087,0.0,9.837253136417502,0.0,36.259394426841716,27.455683061272502,0.0,65.22129102278387,0.0,25.749398850632897,14.631790320489323,16.690354475090988,11.64912463690315,6.076020106833881,1,0,2,3.0237200000000017,1,0,1,0,0,0,0,0,0,0,0,0
11.439571641156462,1.0,10.025686369325339,-2.054752182812233,2.47077080560801,6.13383742911153,0.0,21.33627680298531,0.0,41.468391364074314,27.455683061272502,0.0,53.59147246262526,0.0,35.9624536403143,14.631790320489323,11.126902983393991,11.64912463690315,0.0,3,0,2,2.1264999999999996,1,0,1,0,0,0,0,0,0,0,0,0
13.161881309227088,1.1363636363636365,10.02830769812079,-2.04845772477226,2.436434554213395,6.1092182845931085,5.817220841045895,9.837253136417502,0.0,41.468391364074314,27.455683061272502,0.0,65.47506037213277,4.39041504767482,25.749398850632893,14.631790320489323,11.126902983393991,11.64912463690315,6.06636706846161,1,0,2,2.854400000000001,1,0,1,0,0,0,0,0,0,0,0,0
11.472798878810783,1.1363636363636365,10.029494111144555,-2.050095484068318,2.436434554213395,6.456738569788763,0.0,9.837253136417502,0.0,41.468391364074314,43.385626959221845,0.0,64.13055904691929,0.0,25.749398850632893,14.631790320489323,11.126902983393991,11.64912463690315,18.208754243757102,1,0,2,3.477800000000002,1,0,1,0,0,0,0,0,0,0,0,0
11.45726737685815,1.0454545454545454,10.029544363709215,-2.048861424719495,2.453546559698567,6.456738569788763,0.0,9.837253136417502,0.0,41.468391364074314,43.385626959221845,0.0,64.13055904691929,0.0,25.749398850632893,14.631790320489323,11.126902983393991,11.64912463690315,18.208754243757102,1,0,2,3.477800000000003,1,0,1,0,0,0,0,0,0,0,0,0
12.550800120099083,1.0,10.02003537180936,-2.0734676616489125,2.5102665756596902,6.715542856120163,0.0,9.837253136417502,0.0,41.468391364074314,27.455683061272502,0.0,65.22129102278387,13.171245143024459,25.749398850632893,20.808088837932797,16.690354475090988,11.64912463690315,0.0,1,0,2,3.7341000000000024,1,0,1,0,0,0,0,0,0,0,0,0
11.518584249286135,1.0434782608695652,10.029294393451364,-2.0521035373572802,2.519719994889998,7.018100832433308,0.0,9.837253136417502,0.0,47.72416054758571,39.21756801066361,0.0,59.65783953108687,0.0,32.005168034144305,14.631790320489323,11.126902983393991,11.64912463690315,17.837905056224997,1,0,2,3.4372000000000016,1,0,1,0,0,0,0,0,0,0,0,0
11.928156724310291,0.8928571428571429,10.029294887717466,-2.065792333498806,2.5789551148380263,7.947480537592272,0.0,9.837253136417502,10.023291153407584,41.468391364074314,43.386153944031584,4.722094864452088,59.65783953108687,0.0,40.07437556431333,29.449618657968728,18.050640183084614,11.64912463690315,0.0,2,0,2,1.5401,1,0,1,1,1,0,0,0,0,0,0,0
11.746405723783155,0.8620689655172413,10.001822643890947,-2.0638146394814636,2.716551582600884,8.675105845894873,0.0,9.837253136417502,0.0,58.8510635309797,39.21756801066361,0.0,83.92330780493333,0.0,32.005168034144305,14.631790320489323,11.126902983393991,22.776027620297143,17.837905056224997,1,0,3,5.104200000000005,1,0,1,0,0,0,0,0,0,0,0,0
11.247178422677612,1.0,9.434253202803843,-2.620979571811396,2.9817590738891324,7.265299929479606,0.0,0.0,0.0,104.12481182209602,5.969305287951849,0.0,0.0,0.0,33.49682024797057,4.794537184071822,84.97942782833198,0.0,0.0,3,0,0,4.477900000000006,1,0,1,0,0,0,0,5,0,0,0,0
11.833693019792857,1.173913043478261,9.4822813767479,-2.558836327539887,2.8512912772504935,5.05146584553039,0.0,5.783244946364939,0.0,85.17857507466296,5.783244946364939,0.0,23.80116485057091,0.0,16.99373872895395,4.794537184071822,59.296141336627926,0.0,0.0,1,0,0,4.291300000000004,0,0,0,1,0,4,0,5,0,1,0,0
11.703982275991205,1.1818181818181819,9.504565126919204,-2.5430195719377084,2.790408774112263,4.7123736531989255,5.601050810983688,5.783244946364939,0.0,74.69339565196152,5.783244946364939,0.0,11.64912463690315,0.0,16.490823152189332,4.794537184071822,58.29031018309871,0.0,0.0,1,0,0,3.4925000000000024,0,0,0,1,0,1,0,5,0,1,0,0
11.075594510391138,1.24,9.462327078314154,-2.5800679684381347,3.1430761564958596,4.796470926146428,5.601050810983688,5.760247418874442,0.0,74.19048007519692,6.076020106833881,5.156663257125445,23.093647012253783,0.0,15.864241462949838,6.4208216229260096,63.69610304750874,6.076020106833881,5.573104530069267,1,0,1,4.221000000000004,0,0,0,0,0,1,0,6,0,0,0,0
11.043617262487906,1.0,9.441113736886651,-2.608722040782302,2.972961503490541,7.040377183311439,0.0,0.0,0.0,110.54563344502203,5.969305287951849,0.0,0.0,0.0,22.286326465381563,4.794537184071822,91.40024945125799,0.0,0.0,2,0,0,5.5071000000000065,1,0,1,0,0,0,0,5,0,0,0,0
11.24717842267761,1.0,9.434253202803829,-2.620979571811399,2.9817590738891324,7.265299929479606,0.0,0.0,0.0,104.12481182209602,5.969305287951849,0.0,0.0,0.0,33.49682024797057,4.794537184071822,84.97942782833198,0.0,0.0,3,0,0,4.477900000000004,1,0,1,0,0,0,0,5,0,0,0,0
10.489521447467876,1.3076923076923077,10.246690379805576,-1.9912678912108728,2.4849228609060745,2.9356784233252684,6.544756405912575,0.0,0.0,17.518958351388015,16.872230220032904,4.567099647791355,36.52867891392113,0.0,15.642932330583909,11.339293589984397,0.0,10.902924932081056,10.763943219404432,1,0,2,1.7258999999999995,1,0,1,0,0,0,0,1,0,0,0,1
10.936097174981104,1.4444444444444444,10.228150686474148,-2.0092115290195696,2.6347365291235625,3.880995374520421,12.061457123528836,5.647177220767728,0.0,18.284240511508305,40.25398160146359,19.74844178534064,29.0365340444366,0.0,30.824274468133193,11.339293589984397,0.0,22.066802870465047,4.567099647791355,2,0,3,1.7266899999999998,1,0,1,0,1,0,0,3,0,0,0,1
12.186468122742923,1.2307692307692308,9.750503436707518,-2.4003943641110954,2.8689331790784953,6.855369295484213,6.544756405912575,0.0,0.0,43.52793314262447,23.719236921525678,4.899909730850478,29.32600418877882,10.481923458755384,65.93072275553722,14.94639060726865,35.68682061300846,0.0,28.8562907983148,2,2,1,1.7795000000000003,1,1,2,1,0,0,1,2,0,0,0,0
12.203834377886956,1.32,9.75389738464962,-2.4001999299526293,2.867689502450759,6.818402003361283,12.29426823919648,0.0,0.0,43.52793314262447,17.749931633573826,4.899909730850478,23.762552697081826,10.481923458755384,61.96468761402219,14.94639060726865,25.328831937239638,0.0,18.933444471818635,1,2,1,2.0899,1,0,1,1,0,0,1,2,0,0,0,0
4.725492252456538,1.2272727272727273,9.928517902531508,-2.26874662380343,2.753964358731386,6.030055720427949,5.538925252383345,0.0,0.0,11.984273114623004,22.616922993652725,0.0,29.828919765543436,5.687386274683562,30.05185901729795,5.538925252383345,33.25840029045949,0.0,11.761884949391115,0,2,1,4.3213000000000035,0,0,0,0,0,0,1,2,0,0,0,1
10.684783224470639,1.434782608695652,9.932518839226102,-2.268115011063309,2.805215245495373,6.3907691719800885,5.538925252383345,0.0,0.0,11.984273114623004,22.534057672444227,0.0,29.828919765543436,5.687386274683562,36.462955507277066,21.210828546263983,25.831747514004253,0.0,0.0,1,2,1,3.0153000000000008,1,0,1,0,0,0,1,2,0,0,0,1
12.49766298185941,1.1481481481481481,10.099256958532186,-2.0632524458028954,2.951117424017118,6.384402320019825,12.061457123528836,5.647177220767728,0.0,17.696185628620217,28.036108158416898,19.331562912184786,70.14212011336217,0.0,30.40739559497734,17.884049995896973,11.126902983393991,22.066802870465043,36.39820241076966,1,0,4,1.75078,1,0,1,0,0,0,0,3,0,0,0,1
12.545919784580498,1.0714285714285714,10.077729611771927,-2.0797619218246886,2.9496562782672298,6.6165803886142935,12.061457123528836,5.647177220767728,0.0,17.696185628620217,33.9432878877684,19.331562912184786,70.14212011336217,0.0,36.31457532432884,17.884049995896973,15.921440167465814,22.066802870465047,48.53093654769288,3,0,4,0.9780000000000002,1,0,1,1,0,0,0,3,0,0,0,1
12.514669784580498,1.0,10.08576440796498,-2.075438399884507,2.9496562782672298,6.6165803886142935,12.061457123528836,5.647177220767728,0.0,17.696185628620217,34.00541344636875,19.331562912184786,70.14212011336217,0.0,41.483228277769896,17.884049995896973,15.921440167465814,22.066802870465043,42.46456947923127,2,0,4,1.5773,1,1,2,0,0,0,0,3,0,0,0,1
12.518071145124715,1.037037037037037,10.092873040488529,-2.083668898772534,2.951117424017118,6.654425587346752,12.061457123528836,5.647177220767728,0.0,17.193270051855603,28.036108158416894,19.331562912184786,70.14212011336217,0.0,35.51392298981804,24.49093196040989,11.126902983393991,22.066802870465047,18.19910120538483,2,0,4,1.3713999999999995,1,0,1,0,0,0,0,3,0,0,0,1
11.626457545981356,1.45,10.33564444481671,-2.112914945503198,2.9548544001549493,5.216451947063475,6.544756405912575,5.1676517695780495,0.0,12.13273413692322,55.49098672813195,9.883888251797686,24.26546827384644,5.131558479839333,44.33216244617916,9.589074368143644,0.0,10.216620634085363,0.0,1,1,2,1.9437999999999998,1,0,1,1,0,0,0,1,0,0,0,1
13.12829245306428,1.5238095238095237,10.318432461756643,-2.1129114467972827,2.95088863427247,5.4131113423517165,12.361977246958471,5.1676517695780495,0.0,18.19910120538483,55.49098672813195,9.883888251797686,24.016322046430723,9.521973527514152,44.33216244617916,9.589074368143644,0.0,10.216620634085363,6.06636706846161,1,1,2,2.0828999999999995,1,0,1,1,0,0,0,1,0,0,0,0
11.653665994098894,1.5238095238095237,10.329986477034712,-2.1129142123324995,2.95088863427247,5.626262755102041,6.544756405912575,5.1676517695780495,0.0,18.19910120538483,67.09192661836447,9.883888251797686,23.221734519126155,5.131558479839333,44.33216244617916,9.589074368143644,0.0,10.216620634085363,18.19910120538483,1,1,2,2.597200000000001,1,0,1,1,0,0,0,1,0,0,0,0
12.719489762885187,1.4166666666666667,10.186167972365581,-2.112926229099043,3.0235521143468436,6.055669025560191,6.544756405912575,5.1676517695780495,0.0,18.19910120538483,55.49098672813195,9.883888251797686,23.762552697081826,18.30280362286379,44.33216244617916,15.76537288558712,5.563451491696996,10.216620634085363,0.0,1,1,2,2.962600000000001,1,0,1,1,0,0,0,1,0,0,0,0
12.25668187929718,1.44,10.3037287433753,-2.1129237294148524,3.0211838229311203,6.518661884897406,12.29426823919648,5.1676517695780495,0.0,12.13273413692322,55.49098672813195,9.883888251797686,18.19910120538483,18.30280362286379,50.69452130520955,9.589074368143644,0.0,10.216620634085363,0.0,1,1,2,2.8424000000000014,1,0,1,1,0,0,0,1,0,0,0,0
11.69343872137162,1.5454545454545454,10.304766740519913,-2.112913757532241,3.031509620754013,5.93276134149863,12.29426823919648,5.1676517695780495,0.0,18.19910120538483,55.49098672813195,9.883888251797686,18.19910120538483,5.131558479839333,51.44195998745669,9.589074368143644,0.0,10.216620634085363,7.109797541277533,1,1,2,1.9523999999999997,1,0,1,1,0,0,0,1,0,0,0,0
10.479351851851852,1.3,9.988437140019894,-2.072652649928111,1.8734431194664496,5.270170381876186,0.0,0.0,0.0,12.841643245852019,5.969305287951849,0.0,0.0,0.0,11.075832682792555,4.794537184071822,39.53076089108528,0.0,0.0,1,0,0,2.2874,1,0,1,0,0,0,0,0,0,0,0,0
10.489521447467876,1.3076923076923077,10.246690379805566,-1.9912678912108746,2.4849228609060745,2.9356784233252684,6.544756405912575,0.0,0.0,17.518958351388015,16.872230220032904,4.567099647791355,36.52867891392113,0.0,15.64293233058391,11.339293589984397,0.0,10.902924932081056,10.763943219404432,1,0,2,1.7259,1,0,1,0,0,0,0,1,0,0,0,1
10.979657501889644,1.4375,10.146194431863051,-2.0322168941997596,2.5172078462700678,3.8088634515543887,6.544756405912575,6.286160523129555,0.0,12.990104268152233,23.158390743162464,4.567099647791355,35.5228477603919,0.0,21.929092853713463,11.339293589984397,16.051916670617278,10.902924932081056,11.49083684748198,1,0,2,1.84682,1,0,1,1,0,0,0,1,0,0,0,1
11.618546390778533,1.2941176470588236,10.08675258479635,-2.036802606748751,2.5168211762837513,4.0494721731062135,6.544756405912575,5.783244946364939,0.0,19.913841467842857,22.65547516639785,4.567099647791355,35.5228477603919,0.0,21.42617727694885,11.339293589984397,22.9756538703079,10.902924932081056,11.49083684748198,1,0,2,2.2369199999999996,1,0,1,1,0,0,0,1,0,1,0,1
12.029760303812882,1.3333333333333333,10.046186592015376,-2.268840261445224,2.870621912470703,6.427208901053135,12.29426823919648,0.0,0.0,25.122838405075452,22.965470290971318,9.467009378641833,29.456480691930285,4.794537184071822,46.897518044075824,29.04173457262303,18.18111668623608,10.902924932081056,18.933444471818635,1,1,2,2.2491,1,0,1,1,0,0,0,3,0,0,0,0
11.554258760603007,1.3,10.04493476830227,-2.2666437171445843,2.7259142581534914,4.666624720833475,6.544756405912575,0.0,0.0,6.06636706846161,22.77940994938441,9.467009378641833,35.5228477603919,0.0,32.99477819669847,29.099408802894803,18.18111668623608,10.902924932081056,11.823646930541102,1,1,2,1.6305,1,0,1,1,0,0,0,3,0,0,0,1
12.315832834677082,1.2272727272727273,10.038470115837029,-2.279892524019851,3.321700582590158,4.865519188764958,6.544756405912575,0.0,0.0,18.90801031431363,22.779409949384416,9.467009378641833,35.5228477603919,0.0,32.99477819669847,29.099408802894803,24.099022732397476,10.902924932081056,0.0,1,1,2,2.0206,1,0,1,1,0,0,0,3,0,0,0,1
12.012394048668849,1.24,10.031331904527635,-2.268863018871783,2.8717225773553094,6.463588276580219,6.544756405912575,0.0,0.0,25.122838405075452,28.934775578923166,9.467009378641833,35.01993218362728,4.794537184071822,50.863553185590845,29.04173457262303,28.539105362004896,10.902924932081056,22.457113646794067,2,1,2,1.9387000000000003,1,1,2,1,0,0,0,3,0,0,0,0
13.941315784844722,1.0,10.018244354278218,-2.2814415453624246,3.042942243739527,6.985456736410207,12.361977246958471,0.0,5.907179729351506,41.10428377123764,33.55185837831401,9.467009378641833,83.30172250390446,4.39041504767482,32.99477819669847,24.304871618822983,21.615368162314272,21.67537336101065,15.533376447103443,1,1,4,4.216700000000004,1,0,1,1,0,0,0,4,0,0,0,0
11.188494268077601,1.2857142857142858,9.978710985098243,-2.3830826602732076,2.7183465795433266,4.8794396129327815,6.544756405912575,0.0,0.0,32.40103015923048,16.872230220032904,9.467009378641833,35.5228477603919,0.0,32.62652371973031,24.304871618822983,32.02859108561733,10.902924932081056,0.0,1,1,2,2.8825000000000003,1,0,1,0,0,0,0,3,0,0,0,1
11.208318688586544,1.3888888888888888,10.228108216857619,-2.0059929245678894,2.6347365291235625,3.6570241003917943,12.061457123528836,5.647177220767728,0.0,6.06636706846161,28.036108158416898,19.74844178534064,34.749748856121734,0.0,30.824274468133193,11.339293589984397,0.0,22.066802870465043,12.13273413692322,2,0,3,0.3574,1,0,1,0,1,0,0,3,0,0,0,1
11.848735355253211,1.0909090909090908,10.227508753172685,-2.026704141409337,2.7277006014767857,4.95129865775702,18.606213529441412,5.647177220767728,0.0,6.06636706846161,34.00541344636875,19.331562912184786,34.749748856121734,0.0,41.483228277769896,22.678587179968794,0.0,22.066802870465043,24.26546827384644,2,0,3,-0.08460000000000006,2,0,2,0,0,0,0,3,0,0,0,1
12.380941987906272,1.04,10.204998369094689,-2.0496124839385463,2.8926758960286936,5.862399969288684,12.061457123528836,5.647177220767728,0.0,11.629818560158606,28.036108158416898,19.331562912184786,70.64503569012679,0.0,30.40739559497734,17.884049995896973,5.563451491696996,22.066802870465043,6.06636706846161,1,0,4,1.8791,1,0,1,0,0,0,0,3,0,0,0,1
11.88651313303099,1.380952380952381,10.227726848250583,-2.0333483317662053,2.7360968499628293,4.983609746593634,18.79227387102832,5.647177220767728,0.0,6.06636706846161,28.036108158416894,19.331562912184786,34.749748856121734,0.0,37.517193136254875,22.80697329128393,0.0,22.066802870465047,12.13273413692322,1,0,3,0.4346999999999996,1,0,1,0,0,0,0,3,0,0,0,1
10.935229119425548,1.3333333333333333,10.228135824083363,-2.0133245113606466,2.6347365291235625,3.951276489497831,12.061457123528836,5.647177220767728,0.0,6.06636706846161,40.66489730642989,19.74844178534064,24.26546827384644,0.0,30.824274468133193,11.339293589984397,0.0,22.066802870465043,4.567099647791355,1,0,3,1.3527999999999998,1,0,1,0,0,0,0,3,0,0,0,1
10.791143038489858,1.0952380952380953,10.20321549410828,-2.069874877834372,2.878723728776009,5.707670921763646,18.9011502037094,0.0,0.0,29.828919765543436,16.872230220032904,4.567099647791355,66.35759867946456,0.0,15.64293233058391,17.946175554497316,5.563451491696996,10.902924932081056,10.763943219404432,1,0,3,3.3049000000000017,1,0,1,0,0,0,0,1,0,0,0,0
12.09808736457546,1.380952380952381,10.125233914998221,-2.095842902505137,2.668571715284955,6.689288885642163,10.865290491471546,0.0,5.907179729351506,24.13631332829077,46.25279760213402,4.899909730850478,52.449547984798244,0.0,32.748212634466086,9.589074368143644,12.487188691387619,6.076020106833881,6.076020106833881,1,1,1,2.918700000000001,1,0,1,1,0,2,0,0,0,0,0,0
10.489521447467876,1.3076923076923077,10.246690379805566,-1.9912678912108746,2.4849228609060745,2.9356784233252684,6.544756405912575,0.0,0.0,17.518958351388015,16.872230220032904,4.567099647791355,36.52867891392113,0.0,15.64293233058391,11.339293589984397,0.0,10.902924932081056,10.763943219404432,1,0,2,1.7259,1,0,1,0,0,0,0,1,0,0,0,1
10.417246157722348,1.2857142857142858,10.243562311081138,-2.01415225831556,2.5771649241554924,3.5363699080048954,0.0,0.0,0.0,17.518958351388015,16.872230220032904,4.567099647791355,36.52867891392113,0.0,15.64293233058391,11.339293589984397,6.4208216229260096,10.902924932081056,0.0,1,0,2,2.1159999999999997,1,0,1,0,0,0,0,1,0,0,0,1
10.886700759007306,1.3157894736842106,10.140872217459656,-2.1863446870273724,2.6392945278141906,5.052938138047801,6.544756405912575,0.0,0.0,26.83757866753348,16.872230220032908,4.567099647791355,36.02576333715651,0.0,21.243983141567597,22.683038508297365,26.334663090768867,10.902924932081056,4.567099647791355,1,0,2,3.0410000000000013,1,0,1,0,0,0,0,1,0,0,0,1
10.92495307382212,1.263157894736842,10.14620407704298,-2.1669366307678724,2.736878778116841,5.8871630140507385,6.544756405912575,0.0,0.0,24.719331371983756,16.872230220032908,9.467009378641833,36.02576333715651,0.0,33.63235487325954,17.884049995896973,19.410925891078243,10.902924932081056,0.0,1,0,2,2.5677000000000003,1,0,1,0,0,0,0,1,0,0,0,1
10.764359401971685,1.25,10.14599355284407,-2.167117853681533,2.805355114418551,6.56898964610978,0.0,0.0,0.0,24.719331371983756,16.872230220032908,9.467009378641833,36.02576333715651,0.0,33.63235487325954,17.884049995896973,25.831747514004253,10.902924932081056,0.0,1,0,2,2.9578000000000015,1,0,1,0,0,0,0,1,0,0,0,1
10.964829617031999,1.3333333333333333,10.121160943018758,-2.101187600771027,2.5420736622983293,4.820213001277628,6.544756405912575,0.0,0.0,32.64889972520361,16.872230220032904,9.467009378641833,35.5228477603919,0.0,34.638186026788766,17.884049995896973,11.257379486545457,10.902924932081056,0.0,1,0,2,2.09592,1,0,1,0,0,0,0,1,0,0,0,1
10.934953073822122,1.2105263157894737,10.149464964240797,-2.1288234854471533,2.994485815113179,5.052938138047801,6.544756405912575,0.0,0.0,37.560974617835775,16.872230220032904,9.467009378641833,36.02576333715651,0.0,33.63235487325954,17.884049995896973,18.405094737549014,10.902924932081056,0.0,1,1,2,2.3217,1,0,1,0,0,0,0,1,0,0,0,1
10.96387869365683,1.25,10.143140205886322,-2.2578152923752564,2.779117467281651,5.644849654067117,6.544756405912575,0.0,0.0,11.629818560158606,16.872230220032904,9.467009378641833,36.02576333715651,0.0,46.84611880228537,22.620912949697022,5.563451491696996,10.902924932081056,0.0,1,1,2,1.5580999999999996,1,0,1,0,0,0,0,1,0,0,0,1
10.889381613756612,1.3125,10.132744506025158,-2.0499858159405444,2.8190844370835766,3.3705900156516972,6.544756405912575,0.0,0.0,30.892283428936636,16.872230220032904,4.567099647791355,35.5228477603919,0.0,15.64293233058391,24.180936835836416,17.678201109471466,10.902924932081056,0.0,1,0,2,2.2146,1,0,1,0,0,0,0,3,0,0,0,1
11.14861646510456,1.0,10.211738602206621,-2.026529904182474,2.7877961290797764,4.275809906031188,12.061457123528836,5.647177220767728,0.0,18.19910120538483,39.06950959364942,14.53505668968577,48.53093654769288,0.0,25.610889372478326,11.339293589984397,0.0,33.10020430569757,4.567099647791355,1,0,4,2.822300000000001,1,0,1,0,0,0,0,4,0,0,0,3
11.268658212545297,1.0,10.227397939129377,-2.0176367634355494,3.091501358188658,4.512209142207685,12.061457123528836,5.647177220767728,5.777653723919194,18.19910120538483,44.847163317568615,24.149136391602433,48.53093654769288,0.0,35.224969074394984,11.339293589984397,0.0,38.87785802961676,9.082497541406976,1,0,5,2.4700000000000006,1,0,1,0,0,0,0,6,0,0,0,3
11.818841647770219,1.3333333333333333,10.18783052247713,-2.013422551431434,2.6555888761497024,3.6940206857604854,12.061457123528836,0.0,5.559266895052008,6.06636706846161,27.775155152113967,14.76446326439343,40.81611592458334,0.0,25.840295947185986,11.339293589984397,0.0,21.805849864162113,12.13273413692322,2,0,3,0.9623999999999999,1,0,1,0,1,0,0,3,0,0,0,1
10.936097174981104,1.4444444444444444,10.228150686474144,-2.0092115290195713,2.6347365291235625,3.880995374520421,12.061457123528836,5.647177220767728,0.0,18.284240511508305,40.25398160146359,19.74844178534064,29.0365340444366,0.0,30.824274468133193,11.339293589984397,0.0,22.066802870465043,4.567099647791355,2,0,3,1.72669,1,0,1,0,1,0,0,3,0,0,0,1
11.126889356051063,1.3333333333333333,10.228133602455191,-2.041944848112763,2.721486486291008,5.325099096637938,12.061457123528836,5.647177220767728,0.0,6.06636706846161,39.79799310780801,19.74844178534064,24.26546827384644,0.0,36.07421249811537,11.339293589984397,13.847474399381248,22.066802870465043,4.567099647791355,1,0,3,2.5645999999999995,1,0,1,0,0,0,0,3,0,0,0,1
13.753323121616772,1.1153846153846154,10.220978273354309,-2.039652212149675,2.941729694632882,6.718836565096953,17.87867796457473,5.647177220767728,0.0,17.696185628620217,39.79799310780802,19.74844178534064,59.91160888043577,4.39041504767482,30.824274468133193,17.092147196731187,5.563451491696996,22.066802870465043,22.766200853176183,1,0,4,3.4955000000000025,1,0,1,0,0,0,0,3,0,0,0,1
12.50120618505539,1.096774193548387,10.052608877900942,-2.1212043910486424,3.0183562317014845,8.347504307361099,12.061457123528836,5.647177220767728,0.0,37.96448165092747,51.39255911184308,19.74844178534064,53.08855688586065,5.687386274683562,42.48430780423149,16.133830774056218,16.690354475090988,22.066802870465043,4.567099647791355,2,0,4,3.7201600000000017,1,0,1,1,1,0,1,3,0,0,0,1
11.738798024132619,1.3076923076923077,10.153683007000941,-2.040514184148366,2.90036857213118,7.690895515146812,12.061457123528836,5.647177220767728,0.0,25.477292959539852,45.705172837159516,25.06523038934697,23.762552697081826,0.0,49.029064210144064,16.133830774056218,18.90801031431363,22.066802870465043,4.567099647791355,2,0,3,1.9908199999999998,1,0,1,1,1,0,0,3,0,0,0,0
10.472481672484829,1.3333333333333333,10.232278661200164,-1.9475386521006006,2.7349743563951034,4.262897650109059,5.516700717616262,5.647177220767728,0.0,6.06636706846161,39.79799310780801,20.16532065849649,24.26546827384644,0.0,36.99400694803584,4.794537184071822,0.0,22.066802870465047,0.0,2,0,3,1.6827999999999999,1,0,1,0,1,0,0,3,0,0,0,1
4.894925359032502,1.2142857142857142,10.232299198479176,-1.8678877198353878,2.5429560603179415,2.6174740484429067,5.516700717616262,5.647177220767728,0.0,18.284240511508305,34.28467631351174,20.16532065849649,29.036534044436596,0.0,20.16532065849649,0.0,0.0,22.066802870465047,0.0,2,0,3,2.16869,0,0,0,0,2,0,0,3,0,0,0,1
10.935229119425548,1.3333333333333333,10.228135824083363,-2.0133245113606466,2.6347365291235625,3.951276489497831,12.061457123528836,5.647177220767728,0.0,6.06636706846161,40.66489730642989,19.74844178534064,24.26546827384644,0.0,30.824274468133193,11.339293589984397,0.0,22.066802870465043,4.567099647791355,1,0,3,1.3527999999999998,1,0,1,0,0,0,0,3,0,0,0,1
10.489521447467876,1.3076923076923077,10.246690379805566,-1.9912678912108746,2.4849228609060745,2.9356784233252684,6.544756405912575,0.0,0.0,17.518958351388015,16.872230220032904,4.567099647791355,36.52867891392113,0.0,15.64293233058391,11.339293589984397,0.0,10.902924932081056,10.763943219404432,1,0,2,1.7259,1,0,1,0,0,0,0,1,0,0,0,1
10.417246157722348,1.2857142857142858,10.243562311081138,-2.01415225831556,2.5771649241554924,3.5363699080048954,0.0,0.0,0.0,17.518958351388015,16.872230220032904,4.567099647791355,36.52867891392113,0.0,15.64293233058391,11.339293589984397,6.4208216229260096,10.902924932081056,0.0,1,0,2,2.1159999999999997,1,0,1,0,0,0,0,1,0,0,0,1
12.418546390778534,1.2105263157894737,9.863245485254689,-2.1513736823214744,2.6548186844174793,4.534832543261262,6.544756405912575,5.783244946364939,0.0,6.06636706846161,22.65547516639785,4.567099647791355,36.02576333715651,0.0,21.42617727694885,11.339293589984397,31.129200274840688,10.902924932081056,10.763943219404432,1,0,2,2.9547000000000008,1,0,1,1,0,0,0,1,0,1,0,1
10.92495307382212,1.263157894736842,10.14620407704299,-2.166936630767874,2.736878778116841,5.8871630140507385,6.544756405912575,0.0,0.0,24.719331371983756,16.872230220032908,9.467009378641833,36.02576333715651,0.0,33.63235487325954,17.884049995896973,19.410925891078243,10.902924932081056,0.0,1,0,2,2.5677000000000003,1,0,1,0,0,0,0,1,0,0,0,1
10.764359401971685,1.25,10.145993552844063,-2.1671178536815328,2.805355114418551,6.56898964610978,0.0,0.0,0.0,24.719331371983756,16.872230220032908,9.467009378641833,36.02576333715651,0.0,33.63235487325954,17.884049995896973,25.831747514004253,10.902924932081056,0.0,1,0,2,2.9578000000000007,1,0,1,0,0,0,0,1,0,0,0,1
10.964829617031997,1.3333333333333333,10.121160943018753,-2.1011876007710293,2.5420736622983293,4.820213001277628,6.544756405912575,0.0,0.0,32.64889972520361,16.872230220032908,9.467009378641833,35.5228477603919,0.0,34.638186026788766,17.884049995896973,11.257379486545457,10.902924932081056,0.0,1,0,2,2.09592,1,0,1,0,0,0,0,1,0,0,0,1
10.934953073822122,1.2105263157894737,10.149464964240797,-2.1288234854471497,2.994485815113179,5.052938138047801,6.544756405912575,0.0,0.0,37.560974617835775,16.872230220032904,9.467009378641833,36.02576333715651,0.0,33.63235487325954,17.884049995896973,18.405094737549014,10.902924932081056,0.0,1,1,2,2.3217,1,0,1,0,0,0,0,1,0,0,0,1
10.96387869365683,1.25,10.143140205886322,-2.257815292375257,2.779117467281651,5.644849654067117,6.544756405912575,0.0,0.0,11.629818560158606,16.872230220032904,9.467009378641833,36.02576333715651,0.0,46.84611880228537,22.620912949697022,5.563451491696996,10.902924932081056,0.0,1,1,2,1.5581,1,0,1,0,0,0,0,1,0,0,0,1
10.889381613756612,1.3125,10.132744506025178,-2.049985815940547,2.8190844370835766,3.3705900156516972,6.544756405912575,0.0,0.0,30.892283428936633,16.872230220032904,4.567099647791355,35.5228477603919,0.0,15.64293233058391,24.180936835836416,17.678201109471466,10.902924932081056,0.0,1,0,2,2.2146,1,0,1,0,0,0,0,3,0,0,0,1
11.14861646510456,1.0,10.211738602206614,-2.0265299041824707,2.7877961290797764,4.275809906031188,12.061457123528836,5.647177220767728,0.0,18.19910120538483,39.06950959364942,14.53505668968577,48.53093654769288,0.0,25.610889372478326,11.339293589984397,0.0,33.10020430569757,4.567099647791355,1,0,4,2.822300000000001,1,0,1,0,0,0,0,4,0,0,0,3
11.268658212545297,1.0,10.227397939129371,-2.017636763435552,3.091501358188658,4.512209142207685,12.061457123528836,5.647177220767728,5.777653723919194,18.19910120538483,44.847163317568615,24.149136391602433,48.53093654769288,0.0,35.224969074394984,11.339293589984397,0.0,38.87785802961676,9.082497541406976,1,0,5,2.4700000000000006,1,0,1,0,0,0,0,6,0,0,0,3
11.818841647770219,1.3333333333333333,10.187830522477139,-2.013422551431437,2.6555888761497024,3.6940206857604854,12.061457123528836,0.0,5.559266895052007,6.06636706846161,27.775155152113967,14.76446326439343,40.81611592458334,0.0,25.840295947185986,11.339293589984397,0.0,21.805849864162113,12.13273413692322,2,0,3,0.9623999999999999,1,0,1,0,1,0,0,3,0,0,0,1
11.126889356051063,1.3333333333333333,10.22813360245517,-2.0419448481127622,2.721486486291008,5.325099096637938,12.061457123528836,5.647177220767728,0.0,6.06636706846161,39.79799310780801,19.74844178534064,24.26546827384644,0.0,36.074212498115365,11.339293589984397,13.847474399381248,22.066802870465047,4.567099647791355,1,0,3,2.5645999999999995,1,0,1,0,0,0,0,3,0,0,0,1
13.753323121616774,1.1153846153846154,10.220978273354321,-2.039652212149678,2.941729694632882,6.718836565096953,17.87867796457473,5.647177220767728,0.0,17.696185628620217,39.79799310780801,19.74844178534064,59.91160888043577,4.39041504767482,30.824274468133193,17.092147196731187,5.563451491696996,22.066802870465043,22.766200853176183,1,0,4,3.4955000000000016,1,0,1,0,0,0,0,3,0,0,0,1
12.50120618505539,1.096774193548387,10.052608877900942,-2.121204391048633,3.0183562317014845,8.347504307361099,12.061457123528836,5.647177220767728,0.0,37.96448165092747,51.39255911184308,19.74844178534064,53.08855688586065,5.687386274683562,42.484307804231484,16.133830774056218,16.690354475090988,22.066802870465047,4.567099647791355,2,0,4,3.7201600000000017,1,0,1,1,1,0,1,3,0,0,0,1
11.738798024132617,1.3076923076923077,10.153683007000982,-2.040514184148366,2.90036857213118,7.690895515146812,12.061457123528836,5.647177220767728,0.0,25.477292959539852,45.705172837159516,25.06523038934697,23.762552697081826,0.0,49.02906421014406,16.133830774056218,18.90801031431363,22.066802870465047,4.567099647791355,2,0,3,1.9908199999999998,1,0,1,1,1,0,0,3,0,0,0,0
10.791143038489858,1.0952380952380953,10.20321549410828,-2.069874877834372,2.878723728776009,5.707670921763646,18.9011502037094,0.0,0.0,29.828919765543436,16.872230220032904,4.567099647791355,66.35759867946456,0.0,15.64293233058391,17.946175554497316,5.563451491696996,10.902924932081056,10.763943219404432,1,0,3,3.3049000000000017,1,0,1,0,0,0,0,1,0,0,0,0
10.987731774229028,1.12,10.013454217491708,-2.2670494301085933,2.976123725059633,6.727617922345383,0.0,0.0,0.0,35.243910234940216,16.872230220032904,9.883888251797686,70.91521901763234,0.0,34.04923374641539,30.601758458762426,22.384282469939446,10.902924932081056,0.0,2,1,3,3.395800000000002,1,0,1,0,1,0,0,3,0,0,0,0
11.137465461493239,1.35,10.032192113552236,-2.307703033101477,2.7259142581534914,4.943600279822141,6.544756405912575,0.0,0.0,25.477292959539852,16.872230220032904,9.467009378641833,35.5228477603919,0.0,33.12943929649492,24.304871618822983,25.104853885926705,10.902924932081056,0.0,1,1,2,2.4924,1,0,1,0,0,0,0,3,0,0,0,1
13.941315784844722,1.0,10.018244354278245,-2.2814415453624233,3.042942243739527,6.985456736410207,12.361977246958471,0.0,5.907179729351506,41.10428377123764,33.55185837831401,9.467009378641833,83.30172250390446,4.39041504767482,32.99477819669847,24.304871618822983,21.615368162314272,21.67537336101065,15.533376447103443,1,1,4,4.216700000000003,1,0,1,1,0,0,0,4,0,0,0,0
12.315832834677082,1.2272727272727273,10.038470115837034,-2.2798925240198575,3.321700582590158,4.865519188764958,6.544756405912575,0.0,0.0,18.90801031431363,22.779409949384416,9.467009378641833,35.5228477603919,0.0,32.99477819669847,29.099408802894803,24.099022732397476,10.902924932081056,0.0,1,1,2,2.0206,1,0,1,1,0,0,0,3,0,0,0,1
11.111730162374101,1.4,10.050628952524864,-2.2663871676539107,2.7346518467849634,5.26419610519905,6.544756405912575,0.0,0.0,11.629818560158606,16.872230220032904,9.467009378641833,35.5228477603919,0.0,40.92821275612398,29.04173457262303,11.257379486545457,10.902924932081056,7.109797541277533,1,1,2,1.6879,1,0,1,0,0,0,0,3,0,0,0,1
11.28814787199805,1.24,10.032152181012025,-2.2662234653256514,2.8747832961443334,7.219885226461613,13.27557315341206,0.0,0.0,30.686289896772447,22.84153550798475,9.467009378641833,35.01993218362728,0.0,51.50112986215191,34.080013525335204,28.539105362004896,10.902924932081056,16.699833784714574,2,1,2,1.7078000000000002,1,1,2,0,0,0,0,3,0,0,0,0
11.177090521010975,1.4090909090909092,10.047220991799135,-2.2595249411853033,2.8018303666055857,5.957020465837354,19.025084986695965,0.0,0.0,23.762552697081826,16.872230220032904,9.467009378641833,29.456480691930288,0.0,46.18544815042075,29.192442572079095,11.257379486545457,10.902924932081056,7.109797541277533,2,1,2,1.5396999999999998,1,0,1,0,0,0,0,3,0,0,0,0
10.489521447467876,1.3076923076923077,10.246690379805566,-1.9912678912108746,2.4849228609060745,2.9356784233252684,6.544756405912575,0.0,0.0,17.518958351388015,16.872230220032904,4.567099647791355,36.52867891392113,0.0,15.64293233058391,11.339293589984397,0.0,10.902924932081056,10.763943219404432,1,0,2,1.7259,1,0,1,0,0,0,0,1,0,0,0,1
10.417246157722348,1.2857142857142858,10.243562311081138,-2.01415225831556,2.5771649241554924,3.5363699080048954,0.0,0.0,0.0,17.518958351388015,16.872230220032904,4.567099647791355,36.52867891392113,0.0,15.64293233058391,11.339293589984397,6.4208216229260096,10.902924932081056,0.0,1,0,2,2.1159999999999997,1,0,1,0,0,0,0,1,0,0,0,1
10.908498992189468,1.2222222222222223,10.203322190599325,-2.1536074247306844,2.964607081816273,4.366424814359861,6.544756405912575,0.0,0.0,18.90801031431363,22.559616494716472,4.567099647791355,30.462311845459514,5.687386274683562,28.732445142409063,11.339293589984397,12.841643245852019,10.902924932081056,0.0,1,1,2,2.3261000000000003,1,0,1,0,0,0,1,1,0,0,0,1
10.812607394809776,1.3529411764705883,10.153004126724984,-2.070720335698879,2.5610384217695756,4.590610960583782,6.544756405912575,0.0,0.0,25.725162525512985,16.872230220032908,9.467009378641833,36.02576333715651,0.0,34.638186026788766,17.884049995896973,5.563451491696996,10.902924932081056,4.567099647791355,1,0,2,1.7875,1,0,1,0,0,0,0,1,0,0,0,1
10.95710443436634,1.3157894736842106,9.914187792464729,-2.211416763478235,2.7839161769694925,5.052938138047801,6.544756405912575,0.0,0.0,30.38936785217202,16.872230220032904,4.567099647791355,36.02576333715651,0.0,28.85669625960975,16.076156543784446,24.32300078371041,10.902924932081056,0.0,1,1,2,2.6199000000000012,1,0,1,0,0,0,0,1,0,0,0,1
10.92495307382212,1.263157894736842,10.14620407704299,-2.166936630767874,2.736878778116841,5.8871630140507385,6.544756405912575,0.0,0.0,24.719331371983756,16.872230220032908,9.467009378641833,36.02576333715651,0.0,33.63235487325954,17.884049995896973,19.410925891078243,10.902924932081056,0.0,1,0,2,2.5677000000000003,1,0,1,0,0,0,0,1,0,0,0,1
12.418546390778534,1.2105263157894737,9.863245485254689,-2.1513736823214744,2.6548186844174793,4.534832543261262,6.544756405912575,5.783244946364939,0.0,6.06636706846161,22.65547516639785,4.567099647791355,36.02576333715651,0.0,21.42617727694885,11.339293589984397,31.129200274840688,10.902924932081056,10.763943219404432,1,0,2,2.9547000000000008,1,0,1,1,0,0,0,1,0,1,0,1
10.778872826908541,1.375,10.139243689661164,-2.0379612243754837,2.5172078462700678,3.980499762284875,6.544756405912575,0.0,0.0,12.990104268152233,16.872230220032904,4.567099647791355,35.5228477603919,0.0,20.749459725424614,17.946175554497316,11.257379486545457,10.902924932081056,4.567099647791355,2,0,2,1.5266199999999996,1,0,1,0,0,0,0,1,0,0,0,1
10.87966372197027,1.411764705882353,10.137754419402425,-2.044379752223844,2.5519234455050013,4.590610960583782,6.544756405912575,0.0,0.0,12.990104268152233,16.872230220032908,4.567099647791355,35.5228477603919,0.0,22.75272987186144,22.683038508297365,11.257379486545457,10.902924932081056,7.109797541277533,1,0,2,2.18072,1,0,1,0,0,0,0,1,0,0,0,1
10.791143038489858,1.0952380952380953,10.20321549410828,-2.069874877834372,2.878723728776009,5.707670921763646,18.9011502037094,0.0,0.0,29.828919765543436,16.872230220032904,4.567099647791355,66.35759867946456,0.0,15.64293233058391,17.946175554497316,5.563451491696996,10.902924932081056,10.763943219404432,1,0,3,3.3049000000000017,1,0,1,0,0,0,0,1,0,0,0,0
10.935229119425548,1.3333333333333333,10.228135824083363,-2.0133245113606466,2.6347365291235625,3.951276489497831,12.061457123528836,5.647177220767728,0.0,6.06636706846161,40.66489730642989,19.74844178534064,24.26546827384644,0.0,30.824274468133193,11.339293589984397,0.0,22.066802870465043,4.567099647791355,1,0,3,1.3527999999999998,1,0,1,0,0,0,0,3,0,0,0,1
11.126889356051063,1.3333333333333333,10.22813360245517,-2.0419448481127622,2.721486486291008,5.325099096637938,12.061457123528836,5.647177220767728,0.0,6.06636706846161,39.79799310780801,19.74844178534064,24.26546827384644,0.0,36.074212498115365,11.339293589984397,13.847474399381248,22.066802870465047,4.567099647791355,1,0,3,2.5645999999999995,1,0,1,0,0,0,0,3,0,0,0,1
11.289771916522353,1.3846153846153846,10.153683065275702,-2.045048154764745,2.900895995506756,8.434163357217534,12.061457123528836,5.647177220767728,0.0,25.477292959539852,39.79799310780801,25.228538383461842,23.762552697081826,0.0,49.72876644530547,16.17688217372103,18.90801031431363,22.066802870465047,4.567099647791355,2,0,3,2.3958199999999996,1,0,1,0,1,0,0,3,0,0,0,0
11.818841647770219,1.3333333333333333,10.187830522477139,-2.013422551431437,2.6555888761497024,3.6940206857604854,12.061457123528836,0.0,5.559266895052007,6.06636706846161,27.775155152113967,14.76446326439343,40.81611592458334,0.0,25.840295947185986,11.339293589984397,0.0,21.805849864162113,12.13273413692322,2,0,3,0.9623999999999999,1,0,1,0,1,0,0,3,0,0,0,1
10.889381613756612,1.3125,10.132744506025178,-2.049985815940547,2.8190844370835766,3.3705900156516972,6.544756405912575,0.0,0.0,30.892283428936633,16.872230220032904,4.567099647791355,35.5228477603919,0.0,15.64293233058391,24.180936835836416,17.678201109471466,10.902924932081056,0.0,1,0,2,2.2146,1,0,1,0,0,0,0,3,0,0,0,1
11.14861646510456,1.0,10.211738602206626,-2.0265299041824756,2.7877961290797764,4.275809906031188,12.061457123528836,5.647177220767728,0.0,18.19910120538483,39.06950959364942,14.53505668968577,48.53093654769288,0.0,25.610889372478326,11.339293589984397,0.0,33.10020430569757,4.567099647791355,1,0,4,2.822300000000001,1,0,1,0,0,0,0,4,0,0,0,3
11.208318688586544,1.3888888888888888,10.228108216857636,-2.0059929245678907,2.6347365291235625,3.6570241003917943,12.061457123528836,5.647177220767728,0.0,6.06636706846161,28.036108158416898,19.74844178534064,34.749748856121734,0.0,30.824274468133193,11.339293589984397,0.0,22.066802870465043,12.13273413692322,2,0,3,0.3573999999999998,1,0,1,0,1,0,0,3,0,0,0,1
11.848735355253211,1.0909090909090908,10.227508753172675,-2.026704141409333,2.7277006014767857,4.95129865775702,18.606213529441412,5.647177220767728,0.0,6.06636706846161,34.00541344636875,19.331562912184786,34.749748856121734,0.0,41.483228277769896,22.678587179968794,0.0,22.066802870465043,24.26546827384644,2,0,3,-0.08460000000000006,2,0,2,0,0,0,0,3,0,0,0,1
12.380941987906272,1.04,10.20499836909471,-2.0496124839385526,2.8926758960286936,5.862399969288684,12.061457123528836,5.647177220767728,0.0,11.629818560158606,28.036108158416898,19.331562912184786,70.64503569012679,0.0,30.40739559497734,17.884049995896973,5.563451491696996,22.066802870465043,6.06636706846161,1,0,4,1.8791,1,0,1,0,0,0,0,3,0,0,0,1
11.88651313303099,1.380952380952381,10.227726848250564,-2.0333483317662018,2.7360968499628293,4.983609746593634,18.79227387102832,5.647177220767728,0.0,6.06636706846161,28.036108158416894,19.331562912184786,34.749748856121734,0.0,37.517193136254875,22.80697329128393,0.0,22.066802870465047,12.13273413692322,1,0,3,0.4346999999999996,1,0,1,0,0,0,0,3,0,0,0,1
12.49766298185941,1.1481481481481481,10.099256958532147,-2.063252445802899,2.951117424017118,6.384402320019825,12.061457123528836,5.647177220767728,0.0,17.696185628620217,28.036108158416898,19.331562912184786,70.14212011336217,0.0,30.40739559497734,17.884049995896973,11.126902983393991,22.066802870465043,36.39820241076966,1,0,4,1.75078,1,0,1,0,0,0,0,3,0,0,0,1
12.594170682161753,1.1071428571428572,10.09226047558637,-2.093080296594272,2.964418427686248,7.217404045117947,12.061457123528836,5.647177220767728,0.0,17.193270051855603,28.036108158416894,19.331562912184786,70.14212011336218,0.0,30.407395594977338,29.328520544146524,11.126902983393991,22.066802870465047,12.13273413692322,3,0,4,1.2693999999999992,1,0,1,0,0,0,0,3,0,0,0,1
12.569479324137061,1.0714285714285714,10.092473771030345,-2.090085929119441,2.964418427686248,7.217404045117947,18.668339088041755,5.647177220767728,0.0,17.193270051855603,28.036108158416894,19.331562912184786,70.14212011336218,0.0,35.66463098927411,29.378502913666,11.126902983393991,22.066802870465047,30.33183534230805,2,0,4,1.8687000000000005,1,0,1,0,0,0,0,3,0,0,0,1
12.518071145124715,1.037037037037037,10.092873040488517,-2.0836688987725283,2.951117424017118,6.654425587346755,12.061457123528836,5.647177220767728,0.0,17.193270051855603,28.036108158416894,19.331562912184786,70.14212011336218,0.0,35.51392298981804,24.49093196040989,11.126902983393991,22.066802870465047,18.19910120538483,2,0,4,1.3714000000000004,1,0,1,0,0,0,0,3,0,0,0,1
11.959846466364322,1.2272727272727273,10.227279858343763,-2.029998850404687,2.7277006014767857,5.063216398036593,18.606213529441412,11.430422167132667,0.0,12.990104268152233,33.81935310478183,19.331562912184786,34.749748856121734,0.0,36.190640541342276,22.678587179968794,6.923737199690624,22.066802870465047,24.26546827384644,1,0,3,0.4197999999999997,1,0,1,1,0,0,0,3,0,1,0,1
11.855402021919879,1.2857142857142858,10.227533882780309,-2.0304087355287823,2.7360968499628293,4.983609746593634,12.061457123528836,5.647177220767728,0.0,6.06636706846161,28.036108158416894,19.331562912184786,34.749748856121734,0.0,42.120804954330964,17.884049995896973,0.0,22.066802870465047,24.26546827384644,2,0,3,-0.17690000000000028,1,0,1,0,0,0,0,3,0,0,0,1
12.026887282690854,1.3636363636363635,10.227529053647135,-2.0398893388514634,2.7828656097459423,5.566784490511342,12.061457123528836,5.647177220767728,0.0,6.06636706846161,28.036108158416894,19.331562912184786,34.749748856121734,0.0,44.12407510076779,22.620912949697022,0.0,22.066802870465047,12.13273413692322,1,0,3,0.4772,1,0,1,0,0,0,0,3,0,0,0,1
11.996180555555554,1.1304347826086956,10.2272704835248,-2.0344752918770546,2.781163971959948,5.519328528543739,12.061457123528836,5.647177220767728,0.0,6.06636706846161,34.00541344636874,19.331562912184786,34.749748856121734,0.0,41.483228277769896,22.678587179968794,6.4208216229260096,22.066802870465047,24.26546827384644,2,0,3,0.3054999999999998,2,0,2,0,0,0,0,3,0,0,0,1
11.88651313303099,1.380952380952381,10.227726848250564,-2.0333483317662018,2.7360968499628293,4.983609746593634,18.79227387102832,5.647177220767728,0.0,6.06636706846161,28.036108158416894,19.331562912184786,34.749748856121734,0.0,37.517193136254875,22.80697329128393,0.0,22.066802870465047,12.13273413692322,1,0,3,0.4346999999999996,1,0,1,0,0,0,0,3,0,0,0,1
11.848735355253211,1.0909090909090908,10.227508753172675,-2.026704141409333,2.7277006014767857,4.95129865775702,18.606213529441412,5.647177220767728,0.0,6.06636706846161,34.00541344636875,19.331562912184786,34.749748856121734,0.0,41.483228277769896,22.678587179968794,0.0,22.066802870465043,24.26546827384644,2,0,3,-0.08460000000000006,2,0,2,0,0,0,0,3,0,0,0,1
11.208318688586544,1.3888888888888888,10.228108216857636,-2.0059929245678907,2.6347365291235625,3.6570241003917943,12.061457123528836,5.647177220767728,0.0,6.06636706846161,28.036108158416898,19.74844178534064,34.749748856121734,0.0,30.824274468133193,11.339293589984397,0.0,22.066802870465043,12.13273413692322,2,0,3,0.3573999999999998,1,0,1,0,1,0,0,3,0,0,0,1
10.936097174981104,1.4444444444444444,10.228150686474148,-2.0092115290195722,2.6347365291235625,3.880995374520421,12.061457123528836,5.647177220767728,0.0,18.284240511508305,40.25398160146359,19.74844178534064,29.0365340444366,0.0,30.824274468133193,11.339293589984397,0.0,22.066802870465043,4.567099647791355,2,0,3,1.7266899999999998,1,0,1,0,1,0,0,3,0,0,0,1
12.09808736457546,1.380952380952381,10.125233914998221,-2.095842902505137,2.668571715284955,6.689288885642163,10.865290491471546,0.0,5.907179729351506,24.13631332829077,46.25279760213402,4.899909730850478,52.449547984798244,0.0,32.748212634466086,9.589074368143644,12.487188691387619,6.076020106833881,6.076020106833881,1,1,1,2.918700000000001,1,0,1,1,0,2,0,0,0,0,0,0
10.471361384059797,1.4,10.164014413863097,-2.0251957757041725,2.5660327971958767,3.7687228777120456,0.0,0.0,0.0,30.50906261954025,16.872230220032904,4.567099647791355,36.02576333715651,0.0,15.642932330583909,11.339293589984397,11.984273114623004,10.902924932081056,0.0,1,0,2,2.4244199999999996,1,0,1,0,0,0,0,1,0,0,0,0
10.517683698109384,1.375,10.116495442896928,-2.033572439595636,2.679089632884133,4.390487751737304,0.0,0.0,0.0,35.56959853447263,16.872230220032904,4.567099647791355,36.02576333715651,0.0,15.642932330583909,17.760115212910407,18.90801031431363,10.902924932081056,0.0,1,0,2,2.6784,1,0,1,0,0,0,0,1,0,0,0,0
10.560672678825636,1.3529411764705883,10.019183131407342,-2.0671157460991925,2.6786659746524712,4.615578788839597,0.0,0.0,0.0,35.06668295770802,16.872230220032904,4.567099647791355,36.02576333715651,0.0,15.642932330583909,11.339293589984397,31.749653560165644,10.902924932081056,0.0,1,0,2,3.2394000000000016,1,0,1,0,0,0,0,1,0,0,0,0
10.602828326208556,1.2777777777777777,9.864219997230386,-2.186768709612556,2.668468104739084,4.482425935618358,0.0,0.0,0.0,34.5637673809434,16.872230220032904,4.567099647791355,36.02576333715651,0.0,15.642932330583909,16.754284059381177,32.75548471369488,10.902924932081056,0.0,1,0,2,3.4135000000000018,1,0,1,0,0,0,0,1,0,0,0,0
10.656369588753316,1.0,10.043080204361173,-2.0501012101587173,2.880155856426527,5.211205171847475,0.0,0.0,0.0,29.32600418877882,16.872230220032904,4.567099647791355,60.794147187767564,0.0,15.64293233058391,11.339293589984397,6.4208216229260096,22.029827915475046,0.0,1,0,3,3.783000000000002,1,0,1,0,0,0,0,1,0,0,0,0
10.48418288611741,1.4,10.167094096044371,-2.029630451294198,2.5690444968859,3.7687228777120456,0.0,0.0,0.0,30.006147042775634,16.872230220032904,4.567099647791355,36.02576333715651,0.0,15.642932330583909,11.339293589984397,11.984273114623004,10.902924932081056,0.0,1,0,2,2.4244199999999996,1,0,1,0,0,0,0,1,0,0,0,0
10.502173878810783,1.4,10.152056211648391,-2.0484846072788296,2.5920219710192893,3.7687228777120456,0.0,0.0,0.0,23.939779974314025,16.872230220032904,4.567099647791355,36.02576333715651,0.0,15.642932330583909,11.339293589984397,11.984273114623004,10.902924932081056,0.0,1,0,2,2.4244199999999996,1,0,1,0,0,0,0,1,0,0,0,1
10.571714773872511,1.375,10.102245787823366,-2.067013741776637,2.6894933824563423,4.390487751737304,0.0,0.0,0.0,23.43686439754941,16.872230220032904,4.567099647791355,36.02576333715651,0.0,15.642932330583909,17.760115212910407,18.90801031431363,10.902924932081056,0.0,1,0,2,2.678400000000001,1,0,1,0,0,0,0,1,0,0,0,1
